index,Type,Name,Short_description,Images,Price,Negotiate
0,simple,boys Tshirts,summer lo baguntundi,https://encrypted-tbn3.gstatic.com/shopping?q=tbn:ANd9GcTLyHOlRXcrZplxTOGjEbbmeI4dUq5ZUNmkMmHiqUD6YCPpSilX6ZM1SQ0C357lr_cCmHMZnshhRjc-F_NSYZaYFd2iUVjfkrwLZFrLDyzqEz0L8Ovk_3q1,899.99,817.991
1,simple,girls t shirts,This fashionable string bag is made of 100% cotton. It is the perfect size for carrying your everyday essentials.,https://m.media-amazon.com/images/I/61t0G869oUL._SX679_.jpg,891.99,817.991
2,variable,frock,"Represent your favorite CMS, eCommerce Platform, Website Builder, or Plugin Company in style with a cool pin.",https://m.media-amazon.com/images/I/41YfhxbvGtL.jpg,999,918
3,variation,Brand Buttons - Divi,"Brand Buttons in Divi are customizable call-to-action buttons designed to reflect a brand? identity through consistent colors, typography, icons, and hover effects. Using Divi? visual builder, these buttons can be styled to match brand guidelines while maintaining responsiveness across devices.",https://ajax-filters-bc.diviengine.com/sampledata/images/DE-Pins-1.jpg,999,899
4,variation,Brand Buttons - Divi Engine,"Brand Buttons in Divi are customizable call-to-action buttons designed to reflect a brand? identity through consistent colors, typography, icons, and hover effects. Using Divi? visual builder, these buttons can be styled to match brand guidelines while maintaining responsiveness across devices.",https://ajax-filters-bc.diviengine.com/sampledata/images/DE-Pins-4.jpg,1000,900
5,variation,Brand Buttons - WooCommerce,"Brand Buttons in Divi are customizable call-to-action buttons designed to reflect a brand? identity through consistent colors, typography, icons, and hover effects. Using Divi? visual builder, these buttons can be styled to match brand guidelines while maintaining responsiveness across devices.",https://ajax-filters-bc.diviengine.com/sampledata/images/DE-Pins-2.jpg,1001,901
6,variation,Brand Buttons - WordPress,"Brand Buttons in Divi are customizable call-to-action buttons designed to reflect a brand? identity through consistent colors, typography, icons, and hover effects. Using Divi? visual builder, these buttons can be styled to match brand guidelines while maintaining responsiveness across devices.",https://ajax-filters-bc.diviengine.com/sampledata/images/DE-Pins-3.jpg,1002,902
7,simple,Lanyard,Stop losing your important access keys with a lanyard that is ALMOST as reliable as Divi Engine plugins!,https://ajax-filters-bc.diviengine.com/sampledata/images/Lanyard1.jpg,1003,903
8,variable,Divi Engine Tee,This comfortable cotton t-shirt that features the Divi Engine logo on the front is perfect for any occasion. The shirt is available in three colors.,"https://ajax-filters-bc.diviengine.com/sampledata/images/Shirt-3-yellow-front.jpg, https://ajax-filters-bc.diviengine.com/sampledata/images/Shirt-3-blue-front.jpg, https://ajax-filters-bc.diviengine.com/sampledata/images/Shirt-3-white-front.jpg",759,700
9,variation,"Divi Engine Tee - Blue, Large",This comfortable cotton t-shirt that features the Divi Engine logo on the front is perfect for any occasion. The shirt is available in three colors.,https://ajax-filters-bc.diviengine.com/sampledata/images/Shirt-3-blue-front.jpg,760,701
10,variation,"Divi Engine Tee - White, Large",This comfortable cotton t-shirt that features the Divi Engine logo on the front is perfect for any occasion. The shirt is available in three colors.,https://ajax-filters-bc.diviengine.com/sampledata/images/Shirt-3-white-front.jpg,761,702
11,variation,"Divi Engine Tee - Yellow, Large",This comfortable cotton t-shirt that features the Divi Engine logo on the front is perfect for any occasion. The shirt is available in three colors.,https://ajax-filters-bc.diviengine.com/sampledata/images/Shirt-3-yellow-front.jpg,762,703
12,variation,"Divi Engine Tee - Blue, Medium",This comfortable cotton t-shirt that features the Divi Engine logo on the front is perfect for any occasion. The shirt is available in three colors.,https://ajax-filters-bc.diviengine.com/sampledata/images/Shirt-3-blue-front.jpg,763,704
13,variation,"Divi Engine Tee - White, Medium",This comfortable cotton t-shirt that features the Divi Engine logo on the front is perfect for any occasion. The shirt is available in three colors.,https://ajax-filters-bc.diviengine.com/sampledata/images/Shirt-3-white-front.jpg,764,705
14,variation,"Divi Engine Tee - Yellow, Medium",This comfortable cotton t-shirt that features the Divi Engine logo on the front is perfect for any occasion. The shirt is available in three colors.,https://ajax-filters-bc.diviengine.com/sampledata/images/Shirt-3-yellow-front.jpg,765,706
15,variation,"Divi Engine Tee - Blue, Small",This comfortable cotton t-shirt that features the Divi Engine logo on the front is perfect for any occasion. The shirt is available in three colors.,https://ajax-filters-bc.diviengine.com/sampledata/images/Shirt-3-blue-front.jpg,766,707
16,variation,"Divi Engine Tee - White, Small",This comfortable cotton t-shirt that features the Divi Engine logo on the front is perfect for any occasion. The shirt is available in three colors.,https://ajax-filters-bc.diviengine.com/sampledata/images/Shirt-3-white-front.jpg,767,708
17,variation,"Divi Engine Tee - Yellow, Small",This comfortable cotton t-shirt that features the Divi Engine logo on the front is perfect for any occasion. The shirt is available in three colors.,https://ajax-filters-bc.diviengine.com/sampledata/images/Shirt-3-yellow-front.jpg,768,709
18,variable,Cotton T-shirt,This comfortable cotton t-shirt features the Divi logo on the front and back. It is the perfect tee for any occasion.,"https://ajax-filters-bc.diviengine.com/sampledata/images/Shirt-2---front.jpg, https://ajax-filters-bc.diviengine.com/sampledata/images/Shirt-2---back.jpg",999.99,900
19,variation,GLOBAL DESI Women's Frock,This frock is made of 65% Polyester and 35% Silk,"https://assets.myntassets.com/w_412,q_30,dpr_3,fl_progressive,f_webp/assets/images/26088664/2023/11/28/58a111c9-23da-4144-a49a-52be6f762f321701152000564EthnicDresses1.jpg","2,999","1,999"
20,variation,Nike shoes for Men,Designed for comfortable wear for sports and street style,https://static.nike.com/a/images/t_web_pdp_936_v2/f_auto/1b1c2359-c574-4706-86c7-f41cbcda9554/COURT+SHOT.png,"3,699","2,500"
21,variation,MAX FASHION Girl's Frock,This Dress will keep you comfortable throughout the Day,https://encrypted-tbn3.gstatic.com/shopping?q=tbn:ANd9GcTLGpTgJ2dHIBGbIQUsOMt4vhzsZf0IH5bzcrT6b5uSFrtrrra7aoqOL99C0xGcjL2tAFoXb7zS71KQJ2HjZP0Lt1OoygOQdBwyqLfT8LhY,999,699
22,variable,ADIDAS Women's Maxi Dress,This Gown Dress For Girl Is Floor Length,"https://ajax-filters-bc.diviengine.com/sampledata/images/Shirt-1---front.jpg, https://ajax-filters-bc.diviengine.com/sampledata/images/Shirt-1---back.jpg","1,999","1,333"
23,variation,RITU KUMAR Women's Sleeves dress,Full Sleeves and designed for all-day comfort,https://img2.ogaanindia.com/pub/media/catalog/product/cache/3f6619daccdb194398d06464ab49fa6e/l/d/ldrcvl08n31158498offwhite1.jpg,899,699
24,variation,TESSAVEGAS Women's sleevless dress,This Dress is made of 95% polyester and 5% Spandex,https://m.media-amazon.com/images/I/61BpizBO9zL._AC_UY1100_.jpg,"2,999","2,000"
25,variation,H&M Flare & Solid Dress,It makes a great addition to your occasion,https://image.hm.com/assets/hm/b0/9e/b09e5a8576ea26fbe304909709a4f94aa3a1742b.jpg?imwidth=2160,"1,449","1,000"
26,variable,ZARA Women's Regular Fit Top,Women Floral Printed Top,https://ajax-filters-bc.diviengine.com/sampledata/images/Hoodie-2.jpg,"             7,99","             4,99"
27,variation,SYMBOL PREMIUM Mens shoes,High Quality and 100% Best quality genuine leather,"https://m.media-amazon.com/images/S/aplus-media/sota/d73c5b9d-77ee-4b00-b1e4-f8ab96944db5.__CR0,0,600,450_PT0_SX600_V1___.jpg","3,999","2,899"
28,variation,ASIAN Women's Casual Shoes,Exclusive design and Lightweight Shoes for Women,https://m.media-amazon.com/images/I/81XVThafkrL._AC_UY1000_.jpg,999,699
29,variation,ASIAN Men Gym wear Running Shoes,Provides extra comfort to your feet with a perfect grip,https://m.media-amazon.com/images/I/81lPouoSTBL.jpg,"2,549","2,000"
30,variable,U.S POLO ASSN. Men's Sneaker,Designed with comfort and regular wear ,https://ajax-filters-bc.diviengine.com/sampledata/images/Hoodie-1.jpg,"1,699","1,000"
31,variation,NIKE Men's Shoes,Comfort and Style with soft foam padding,https://static.nike.com/a/images/t_web_pdp_936_v2/f_auto/1b1c2359-c574-4706-86c7-f41cbcda9554/COURT+SHOT.png,"2,499","1,999"
32,variation,Dat Divi Engine Life Hoodie - Limited Edition - Small,"Stay warm in style with this exclusive Divi Engine Life hoodie. Designed for comfort and durability, it features a modern fit, premium fabric, and a clean, bold look. Available in limited quantities?nce it? gone, it? gone.",https://encrypted-tbn0.gstatic.com/images?q=tbn:ANd9GcSI2m_weSwiTZGB-56OhWs_yP21w1F0hYrWsA&s,1999.99,1840.491
33,variable,Mens WordPress Hoodie,"This WordPress hoodie is a must have for any WordPress fan. It is made from a soft, comfortable, and durable cotton blend. The hoodie is a perfect way to stay warm and show your WordPress pride.",https://ajax-filters-bc.diviengine.com/sampledata/images/Hoodie-3.jpg,2000.99,1841.491
34,variation,Mens WordPress Hoodie - Large,"This WordPress hoodie is a must have for any WordPress fan. It is made from a soft, comfortable, and durable cotton blend. The hoodie is a perfect way to stay warm and show your WordPress pride.",https://www.teez.in/cdn/shop/products/Wordpress-Developer-Hoodies1_large.jpg?v=1580797072,2001.99,1842.491
35,variation,Mens WordPress Hoodie - Medium,"This WordPress hoodie is a must have for any WordPress fan. It is made from a soft, comfortable, and durable cotton blend. The hoodie is a perfect way to stay warm and show your WordPress pride.",https://www.teez.in/cdn/shop/products/Wordpress-Developer-Hoodies1_large.jpg?v=1580797072,2002.99,1843.491
36,variation,Mens WordPress Hoodie - Small,"This WordPress hoodie is a must have for any WordPress fan. It is made from a soft, comfortable, and durable cotton blend. The hoodie is a perfect way to stay warm and show your WordPress pride.",https://www.teez.in/cdn/shop/products/WordPress-Hoodies-1_70a1e39c-a09b-490c-8f85-0c18c4cfb949_large.jpg?v=1574063891,2003.99,1844.491
37,variable,Divi Engine Logo Zipper Hoodie,"This Divi Engine hoodie is a must have for any Divi Engine fan. It is made from a soft, comfortable, and durable cotton blend. The hoodie is a perfect way to stay warm and show your Divi Engine pride.",https://ajax-filters-bc.diviengine.com/sampledata/images/Hoodie-Women-1.jpg,"1,999.00",1845.491
38,variation,Divi Engine Logo Zipper Hoodie - Large,"This Divi Engine hoodie is a must have for any Divi Engine fan. It is made from a soft, comfortable, and durable cotton blend. The hoodie is a perfect way to stay warm and show your Divi Engine pride.",https://encrypted-tbn0.gstatic.com/images?q=tbn:ANd9GcRc9bDyyyejFjRzuziSMqnMU-3D_SgiJLxWQw&s,"1,400.00",1326.991
39,variation,Divi Engine Logo Zipper Hoodie - Medium,"This Divi Engine hoodie is a must have for any Divi Engine fan. It is made from a soft, comfortable, and durable cotton blend. The hoodie is a perfect way to stay warm and show your Divi Engine pride.",https://m.media-amazon.com/images/I/81lhlUyr8jL._AC_UY1100_.jpg,"1,401.00",1327.991
40,variation,Divi Engine Logo Zipper Hoodie - Small,"This Divi Engine hoodie is a must have for any Divi Engine fan. It is made from a soft, comfortable, and durable cotton blend. The hoodie is a perfect way to stay warm and show your Divi Engine pride.",https://encrypted-tbn0.gstatic.com/images?q=tbn:ANd9GcRTASFeWKWPm1661lP2NpXZQp5W7MprrsU9Cg&s,"1,402.00",1328.991
41,variable,Purple Divi Engine Text Zipper Hoodie,"This Divi Engine hoodie is a must have for any Divi Engine fan. It is made from a soft, comfortable, and durable cotton blend. The hoodie is a perfect way to stay warm and show your Divi Engine pride.",https://ajax-filters-bc.diviengine.com/sampledata/images/Hoodie-Women-2.jpg,"1,403.00",1329.991
42,variation,Purple Divi Engine Text Zipper Hoodie - Large,"This Divi Engine hoodie is a must have for any Divi Engine fan. It is made from a soft, comfortable, and durable cotton blend. The hoodie is a perfect way to stay warm and show your Divi Engine pride.",https://encrypted-tbn0.gstatic.com/images?q=tbn:ANd9GcRTMkMGpqyXqLX9K7yS95nJ59OVJmXSmjY04g&s,"1,404.00",1330.991
43,variation,Purple Divi Engine Text Zipper Hoodie - Medium,"This Divi Engine hoodie is a must have for any Divi Engine fan. It is made from a soft, comfortable, and durable cotton blend. The hoodie is a perfect way to stay warm and show your Divi Engine pride.",https://encrypted-tbn0.gstatic.com/images?q=tbn:ANd9GcQp-Va7pwSf-meyQ-4WRF1nAenrU-b7hI8nSg&s,"1,405.00",1331.991
44,variation,Purple Divi Engine Text Zipper Hoodie - Small,"This Divi Engine hoodie is a must have for any Divi Engine fan. It is made from a soft, comfortable, and durable cotton blend. The hoodie is a perfect way to stay warm and show your Divi Engine pride.",https://gunsngears.us/wp-content/uploads/2023/05/Hoodie-1-300x300.jpg,"1,406.00",1332.991
45,variable,"WooCommerce ""Gimme the Money"" Zipper Hoodie","This WooCommerce hoodie is a must have for any WooCommerce fan. It is made from a soft, comfortable, and durable cotton blend. The hoodie is a perfect way to stay warm and show your WooCommerce pride.",https://ajax-filters-bc.diviengine.com/sampledata/images/Hoodie-Women-3.jpg,"1,407.00",1333.991
46,variation,"WooCommerce ""Gimme the Money"" Zipper Hoodie - Large","This WooCommerce hoodie is a must have for any WooCommerce fan. It is made from a soft, comfortable, and durable cotton blend. The hoodie is a perfect way to stay warm and show your WooCommerce pride.",https://encrypted-tbn0.gstatic.com/images?q=tbn:ANd9GcTwesD5OkWc9jOf_B5bMZk_GJpNAZkSJIC2rg&s,"1,408.00",1334.991
47,variation,"WooCommerce ""Gimme the Money"" Zipper Hoodie - Medium","This WooCommerce hoodie is a must have for any WooCommerce fan. It is made from a soft, comfortable, and durable cotton blend. The hoodie is a perfect way to stay warm and show your WooCommerce pride.",https://encrypted-tbn0.gstatic.com/images?q=tbn:ANd9GcTwesD5OkWc9jOf_B5bMZk_GJpNAZkSJIC2rg&s,"1,409.00",1335.991
48,variation,"WooCommerce ""Gimme the Money"" Zipper Hoodie - Small","This WooCommerce hoodie is a must have for any WooCommerce fan. It is made from a soft, comfortable, and durable cotton blend. The hoodie is a perfect way to stay warm and show your WooCommerce pride.",https://encrypted-tbn0.gstatic.com/images?q=tbn:ANd9GcTwesD5OkWc9jOf_B5bMZk_GJpNAZkSJIC2rg&s,"1,410.00",1336.991
49,variable,Divi Ninja Tee,This comfortable cotton t-shirt features the Divi logo on the front and expresses your Ninja status with the theme. It is the perfect tee for any occasion.,https://ajax-filters-bc.diviengine.com/sampledata/images/Divi-Ninja.jpg,"1,411.00",1337.991
50,variation,Divi Ninja Tee - Large,This comfortable cotton t-shirt features the Divi logo on the front and expresses your Ninja status with the theme. It is the perfect tee for any occasion.,https://encrypted-tbn0.gstatic.com/images?q=tbn:ANd9GcRNacGNhRBCGNa8fdP-XZvtuS7mjUugVZfuBw&s,"1,412.00",1338.991
51,variation,Divi Ninja Tee - Medium,This comfortable cotton t-shirt features the Divi logo on the front and expresses your Ninja status with the theme. It is the perfect tee for any occasion.,https://encrypted-tbn0.gstatic.com/images?q=tbn:ANd9GcRNacGNhRBCGNa8fdP-XZvtuS7mjUugVZfuBw&s,"1,413.00",1339.991
52,variation,Divi Ninja Tee - Small,This comfortable cotton t-shirt features the Divi logo on the front and expresses your Ninja status with the theme. It is the perfect tee for any occasion.,https://encrypted-tbn0.gstatic.com/images?q=tbn:ANd9GcRNacGNhRBCGNa8fdP-XZvtuS7mjUugVZfuBw&s,"1,414.00",1340.991
53,variable,Divi Simplified Crop-top,This comfortable cotton crop-top features the Divi and Divi Engine logos on the front and back. It is the perfect tee for any occasion.,"https://ajax-filters-bc.diviengine.com/sampledata/images/divi-Simplified-croptop-white.jpg, https://ajax-filters-bc.diviengine.com/sampledata/images/divi-Simplified-croptop-blue.jpg, https://ajax-filters-bc.diviengine.com/sampledata/images/divi-Simplified-croptop-yellow.jpg","1,415.00",1341.991
54,variable,Dat Divi Engine Life Crop-top (3-Tone),This comfortable cotton crop-top features the Divi and Divi Engine logos on the front and back. It is the perfect tee for any occasion.,https://ajax-filters-bc.diviengine.com/sampledata/images/Dat-Divi_Life.jpg,"1,416.00",1342.991
55,variation,Dat Divi Engine Life Crop-top (3-Tone) - Large,This comfortable cotton crop-top features the Divi and Divi Engine logos on the front and back. It is the perfect tee for any occasion.,https://sponsee.com.au/wp-content/uploads/2022/08/divi-Simplified-croptop-yellow-400x516.jpg,"1,417.00",1343.991
56,variation,Dat Divi Engine Life Crop-top (3-Tone) - Medium,This comfortable cotton crop-top features the Divi and Divi Engine logos on the front and back. It is the perfect tee for any occasion.,https://sponsee.com.au/wp-content/uploads/2022/08/divi-Simplified-croptop-yellow-400x516.jpg,"1,418.00",1344.991
57,variation,Dat Divi Engine Life Crop-top (3-Tone) - Small,This comfortable cotton crop-top features the Divi and Divi Engine logos on the front and back. It is the perfect tee for any occasion.,https://sponsee.com.au/wp-content/uploads/2022/08/divi-Simplified-croptop-yellow-400x516.jpg,"1,419.00",1345.991
58,variation,"Divi Simplified Crop-top - Large, Blue",This comfortable cotton crop-top features the Divi and Divi Engine logos on the front and back. It is the perfect tee for any occasion.,https://ajax-filters-bc.diviengine.com/sampledata/images/divi-Simplified-croptop-blue.jpg,"1,420.00",1346.991
59,variation,"Divi Simplified Crop-top - Large, White",This comfortable cotton crop-top features the Divi and Divi Engine logos on the front and back. It is the perfect tee for any occasion.,https://ajax-filters-bc.diviengine.com/sampledata/images/divi-Simplified-croptop-white.jpg,"1,421.00",1347.991
60,variation,"Divi Simplified Crop-top - Large, Yellow",This comfortable cotton crop-top features the Divi and Divi Engine logos on the front and back. It is the perfect tee for any occasion.,https://ajax-filters-bc.diviengine.com/sampledata/images/divi-Simplified-croptop-yellow.jpg,"1,422.00",1348.991
61,variation,"Divi Simplified Crop-top - Medium, Blue",This comfortable cotton crop-top features the Divi and Divi Engine logos on the front and back. It is the perfect tee for any occasion.,https://ajax-filters-bc.diviengine.com/sampledata/images/divi-Simplified-croptop-blue.jpg,"1,423.00",1349.991
62,variation,"Divi Simplified Crop-top - Medium, White",This comfortable cotton crop-top features the Divi and Divi Engine logos on the front and back. It is the perfect tee for any occasion.,https://ajax-filters-bc.diviengine.com/sampledata/images/divi-Simplified-croptop-white.jpg,"1,424.00",1350.991
63,variation,"Divi Simplified Crop-top - Medium, Yellow",This comfortable cotton crop-top features the Divi and Divi Engine logos on the front and back. It is the perfect tee for any occasion.,https://ajax-filters-bc.diviengine.com/sampledata/images/divi-Simplified-croptop-yellow.jpg,"1,425.00",1351.991
64,variation,"Divi Simplified Crop-top - Small, Blue",This comfortable cotton crop-top features the Divi and Divi Engine logos on the front and back. It is the perfect tee for any occasion.,https://ajax-filters-bc.diviengine.com/sampledata/images/divi-Simplified-croptop-blue.jpg,"1,426.00",1352.991
65,variation,"Divi Simplified Crop-top - Small, White",This comfortable cotton crop-top features the Divi and Divi Engine logos on the front and back. It is the perfect tee for any occasion.,https://ajax-filters-bc.diviengine.com/sampledata/images/divi-Simplified-croptop-white.jpg,"1,427.00",1353.991
66,variation,"Divi Simplified Crop-top - Small, Yellow",This comfortable cotton crop-top features the Divi and Divi Engine logos on the front and back. It is the perfect tee for any occasion.,https://ajax-filters-bc.diviengine.com/sampledata/images/divi-Simplified-croptop-yellow.jpg,"1,428.00",1354.991
,,,,,,
index,Type,Name,Short_description,Images,Price,Negotiate
0,simple,Divi Engine String Bag (Big Logo),This fashionable string bag is made of 100% cotton. It is the perfect size for carrying your everyday essentials.,"https://ajax-filters-bc.diviengine.com/sampledata/images/Bag1.jpg, https://ajax-filters-bc.diviengine.com/sampledata/images/Bag1-1.jpg, https://ajax-filters-bc.diviengine.com/sampledata/images/Bag1-2.jpg",19.99,17.991
1,simple,Divi Engine String Bag (Small Logos),This fashionable string bag is made of 100% cotton. It is the perfect size for carrying your everyday essentials.,"https://ajax-filters-bc.diviengine.com/sampledata/images/Bag2.jpg, https://ajax-filters-bc.diviengine.com/sampledata/images/Bag2-1.jpg, https://ajax-filters-bc.diviengine.com/sampledata/images/Bag2-2.jpg",19.99,17.991
2,variable,Brand Buttons,"Represent your favorite CMS, eCommerce Platform, Website Builder, or Plugin Company in style with a cool pin.",https://ajax-filters-bc.diviengine.com/sampledata/images/DE-Pins-4.jpg,20,18
3,variation,Brand Buttons - Divi,0,https://ajax-filters-bc.diviengine.com/sampledata/images/DE-Pins-1.jpg,9.99,8.991
4,variation,Brand Buttons - Divi Engine,0,https://ajax-filters-bc.diviengine.com/sampledata/images/DE-Pins-4.jpg,9.99,8.991
5,variation,Brand Buttons - WooCommerce,0,https://ajax-filters-bc.diviengine.com/sampledata/images/DE-Pins-2.jpg,9.99,8.991
6,variation,Brand Buttons - WordPress,0,https://ajax-filters-bc.diviengine.com/sampledata/images/DE-Pins-3.jpg,9.99,8.991
7,simple,Lanyard,Stop losing your important access keys with a lanyard that is ALMOST as reliable as Divi Engine plugins!,https://ajax-filters-bc.diviengine.com/sampledata/images/Lanyard1.jpg,9.99,7.99
8,variable,Divi Engine Tee,This comfortable cotton t-shirt that features the Divi Engine logo on the front is perfect for any occasion. The shirt is available in three colors.,"https://ajax-filters-bc.diviengine.com/sampledata/images/Shirt-3-yellow-front.jpg, https://ajax-filters-bc.diviengine.com/sampledata/images/Shirt-3-blue-front.jpg, https://ajax-filters-bc.diviengine.com/sampledata/images/Shirt-3-white-front.jpg",20,18
9,variation,"Divi Engine Tee - Blue, Large",0,https://ajax-filters-bc.diviengine.com/sampledata/images/Shirt-3-blue-front.jpg,14.99,13.491
10,variation,"Divi Engine Tee - White, Large",0,https://ajax-filters-bc.diviengine.com/sampledata/images/Shirt-3-white-front.jpg,14.99,13.491
11,variation,"Divi Engine Tee - Yellow, Large",0,https://ajax-filters-bc.diviengine.com/sampledata/images/Shirt-3-yellow-front.jpg,14.99,13.491
12,variation,"Divi Engine Tee - Blue, Medium",0,https://ajax-filters-bc.diviengine.com/sampledata/images/Shirt-3-blue-front.jpg,14.99,13.491
13,variation,"Divi Engine Tee - White, Medium",0,https://ajax-filters-bc.diviengine.com/sampledata/images/Shirt-3-white-front.jpg,14.99,13.491
14,variation,"Divi Engine Tee - Yellow, Medium",0,https://ajax-filters-bc.diviengine.com/sampledata/images/Shirt-3-yellow-front.jpg,14.99,13.491
15,variation,"Divi Engine Tee - Blue, Small",0,https://ajax-filters-bc.diviengine.com/sampledata/images/Shirt-3-blue-front.jpg,14.99,13.491
16,variation,"Divi Engine Tee - White, Small",0,https://ajax-filters-bc.diviengine.com/sampledata/images/Shirt-3-white-front.jpg,14.99,13.491
17,variation,"Divi Engine Tee - Yellow, Small",0,https://ajax-filters-bc.diviengine.com/sampledata/images/Shirt-3-yellow-front.jpg,14.99,13.491
18,variable,Divi Tee,This comfortable cotton t-shirt features the Divi logo on the front and back. It is the perfect tee for any occasion.,"https://ajax-filters-bc.diviengine.com/sampledata/images/Shirt-2---front.jpg, https://ajax-filters-bc.diviengine.com/sampledata/images/Shirt-2---back.jpg",20,18
19,variation,Divi Tee - Large,0,0,14.99,12.99
20,variation,Divi Tee - Medium,0,0,14.99,12.99
21,variation,Divi Tee - Small,0,0,14.99,12.99
22,variable,WordPress Tee,This comfortable cotton t-shirt features the WordPress logo on the front and back. It is the perfect tee for any occasion.,"https://ajax-filters-bc.diviengine.com/sampledata/images/Shirt-1---front.jpg, https://ajax-filters-bc.diviengine.com/sampledata/images/Shirt-1---back.jpg",20,18
23,variation,WordPress Tee - Large,0,0,14.99,12.99
24,variation,WordPress Tee - Medium,0,0,14.99,12.99
25,variation,WordPress Tee - Small,0,0,14.99,12.99
26,variable,Mens Divi Hoodie,"This Divi hoodie is a must have for any Divi fan. It is made from a soft, comfortable, and durable cotton blend. The hoodie is a perfect way to stay warm and show your Divi pride.",https://ajax-filters-bc.diviengine.com/sampledata/images/Hoodie-2.jpg,20,18
27,variation,Mens Divi Hoodie - Large,0,0,39.99,35.991
28,variation,Mens Divi Hoodie - Medium,0,0,34.99,31.491
29,variation,Mens Divi Hoodie - Small,0,0,34.99,31.491
30,variable,Dat Divi Engine Life Hoodie - Limited Edition,"This Divi Engine hoodie is a must have for any Divi Engine fan. It is made from a soft, comfortable, and durable cotton blend. The hoodie is a perfect way to stay warm and show your Divi Engine pride.",https://ajax-filters-bc.diviengine.com/sampledata/images/Hoodie-1.jpg,20,18
31,variation,Dat Divi Engine Life Hoodie - Limited Edition - Large,0,0,44.99,40.491
32,variation,Dat Divi Engine Life Hoodie - Limited Edition - Medium,0,0,44.99,40.491
33,variation,Dat Divi Engine Life Hoodie - Limited Edition - Small,0,0,44.99,40.491
34,variable,Mens WordPress Hoodie,"This WordPress hoodie is a must have for any WordPress fan. It is made from a soft, comfortable, and durable cotton blend. The hoodie is a perfect way to stay warm and show your WordPress pride.",https://ajax-filters-bc.diviengine.com/sampledata/images/Hoodie-3.jpg,20,18
35,variation,Mens WordPress Hoodie - Large,0,0,34.99,31.491
36,variation,Mens WordPress Hoodie - Medium,0,0,34.99,31.491
37,variation,Mens WordPress Hoodie - Small,0,0,34.99,31.491
38,variable,Divi Engine Logo Zipper Hoodie,"This Divi Engine hoodie is a must have for any Divi Engine fan. It is made from a soft, comfortable, and durable cotton blend. The hoodie is a perfect way to stay warm and show your Divi Engine pride.",https://ajax-filters-bc.diviengine.com/sampledata/images/Hoodie-Women-1.jpg,20,18
39,variation,Divi Engine Logo Zipper Hoodie - Large,0,0,29.99,26.991
40,variation,Divi Engine Logo Zipper Hoodie - Medium,0,0,29.99,26.991
41,variation,Divi Engine Logo Zipper Hoodie - Small,0,0,29.99,26.991
42,variable,Purple Divi Engine Text Zipper Hoodie,"This Divi Engine hoodie is a must have for any Divi Engine fan. It is made from a soft, comfortable, and durable cotton blend. The hoodie is a perfect way to stay warm and show your Divi Engine pride.",https://ajax-filters-bc.diviengine.com/sampledata/images/Hoodie-Women-2.jpg,20,18
43,variation,Purple Divi Engine Text Zipper Hoodie - Large,0,0,29.99,27.99
44,variation,Purple Divi Engine Text Zipper Hoodie - Medium,0,0,29.99,27.99
45,variation,Purple Divi Engine Text Zipper Hoodie - Small,0,0,29.99,27.99
46,variable,"WooCommerce ""Gimme the Money"" Zipper Hoodie","This WooCommerce hoodie is a must have for any WooCommerce fan. It is made from a soft, comfortable, and durable cotton blend. The hoodie is a perfect way to stay warm and show your WooCommerce pride.",https://ajax-filters-bc.diviengine.com/sampledata/images/Hoodie-Women-3.jpg,20,18
47,variation,"WooCommerce ""Gimme the Money"" Zipper Hoodie - Large",0,0,29.99,27.99
48,variation,"WooCommerce ""Gimme the Money"" Zipper Hoodie - Medium",0,0,29.99,27.99
49,variation,"WooCommerce ""Gimme the Money"" Zipper Hoodie - Small",0,0,29.99,27.99
50,variable,Divi Ninja Tee,This comfortable cotton t-shirt features the Divi logo on the front and expresses your Ninja status with the theme. It is the perfect tee for any occasion.,https://ajax-filters-bc.diviengine.com/sampledata/images/Divi-Ninja.jpg,20,18
51,variation,Divi Ninja Tee - Large,0,0,12.99,11.691
52,variation,Divi Ninja Tee - Medium,0,0,12.99,11.691
53,variation,Divi Ninja Tee - Small,0,0,12.99,11.691
54,variable,Divi Simplified Crop-top,This comfortable cotton crop-top features the Divi and Divi Engine logos on the front and back. It is the perfect tee for any occasion.,"https://ajax-filters-bc.diviengine.com/sampledata/images/divi-Simplified-croptop-white.jpg, https://ajax-filters-bc.diviengine.com/sampledata/images/divi-Simplified-croptop-blue.jpg, https://ajax-filters-bc.diviengine.com/sampledata/images/divi-Simplified-croptop-yellow.jpg",20,18
55,variable,Dat Divi Engine Life Crop-top (3-Tone),"This comfortable cotton crop-top features the Divi Engine logo on the front expressing how easy ""data Divi Engine life"" is. It is the perfect tee for any occasion.",https://ajax-filters-bc.diviengine.com/sampledata/images/Dat-Divi_Life.jpg,20,18
56,variation,Dat Divi Engine Life Crop-top (3-Tone) - Large,0,0,14.99,13.491
57,variation,Dat Divi Engine Life Crop-top (3-Tone) - Medium,0,0,12.99,11.691
58,variation,Dat Divi Engine Life Crop-top (3-Tone) - Small,0,0,12.99,11.691
59,variation,"Divi Simplified Crop-top - Large, Blue",0,https://ajax-filters-bc.diviengine.com/sampledata/images/divi-Simplified-croptop-blue.jpg,12.99,11.691
60,variation,"Divi Simplified Crop-top - Large, White",0,https://ajax-filters-bc.diviengine.com/sampledata/images/divi-Simplified-croptop-white.jpg,12.99,11.691
61,variation,"Divi Simplified Crop-top - Large, Yellow",0,https://ajax-filters-bc.diviengine.com/sampledata/images/divi-Simplified-croptop-yellow.jpg,12.99,11.691
62,variation,"Divi Simplified Crop-top - Medium, Blue",0,https://ajax-filters-bc.diviengine.com/sampledata/images/divi-Simplified-croptop-blue.jpg,12.99,11.691
63,variation,"Divi Simplified Crop-top - Medium, White",0,https://ajax-filters-bc.diviengine.com/sampledata/images/divi-Simplified-croptop-white.jpg,12.99,11.691
64,variation,"Divi Simplified Crop-top - Medium, Yellow",0,https://ajax-filters-bc.diviengine.com/sampledata/images/divi-Simplified-croptop-yellow.jpg,12.99,11.691
65,variation,"Divi Simplified Crop-top - Small, Blue",0,https://ajax-filters-bc.diviengine.com/sampledata/images/divi-Simplified-croptop-blue.jpg,12.99,11.691
66,variation,"Divi Simplified Crop-top - Small, White",0,https://ajax-filters-bc.diviengine.com/sampledata/images/divi-Simplified-croptop-white.jpg,12.99,11.691
67,variation,"Divi Simplified Crop-top - Small, Yellow",0,https://ajax-filters-bc.diviengine.com/sampledata/images/divi-Simplified-croptop-yellow.jpg,12.99,11.691
index,Type,Name,Short_description,Images,Price,Negotiate
0,simple,Divi Engine String Bag (Big Logo),This fashionable string bag is made of 100% cotton. It is the perfect size for carrying your everyday essentials.,"https://ajax-filters-bc.diviengine.com/sampledata/images/Bag1.jpg, https://ajax-filters-bc.diviengine.com/sampledata/images/Bag1-1.jpg, https://ajax-filters-bc.diviengine.com/sampledata/images/Bag1-2.jpg",19.99,17.991
1,simple,Divi Engine String Bag (Small Logos),This fashionable string bag is made of 100% cotton. It is the perfect size for carrying your everyday essentials.,"https://ajax-filters-bc.diviengine.com/sampledata/images/Bag2.jpg, https://ajax-filters-bc.diviengine.com/sampledata/images/Bag2-1.jpg, https://ajax-filters-bc.diviengine.com/sampledata/images/Bag2-2.jpg",19.99,17.991
2,variable,Brand Buttons,"Represent your favorite CMS, eCommerce Platform, Website Builder, or Plugin Company in style with a cool pin.",https://ajax-filters-bc.diviengine.com/sampledata/images/DE-Pins-4.jpg,20,18
3,variation,Brand Buttons - Divi,0,https://ajax-filters-bc.diviengine.com/sampledata/images/DE-Pins-1.jpg,9.99,8.991
4,variation,Brand Buttons - Divi Engine,0,https://ajax-filters-bc.diviengine.com/sampledata/images/DE-Pins-4.jpg,9.99,8.991
5,variation,Brand Buttons - WooCommerce,0,https://ajax-filters-bc.diviengine.com/sampledata/images/DE-Pins-2.jpg,9.99,8.991
6,variation,Brand Buttons - WordPress,0,https://ajax-filters-bc.diviengine.com/sampledata/images/DE-Pins-3.jpg,9.99,8.991
7,simple,Lanyard,Stop losing your important access keys with a lanyard that is ALMOST as reliable as Divi Engine plugins!,https://ajax-filters-bc.diviengine.com/sampledata/images/Lanyard1.jpg,9.99,7.99
8,variable,Divi Engine Tee,This comfortable cotton t-shirt that features the Divi Engine logo on the front is perfect for any occasion. The shirt is available in three colors.,"https://ajax-filters-bc.diviengine.com/sampledata/images/Shirt-3-yellow-front.jpg, https://ajax-filters-bc.diviengine.com/sampledata/images/Shirt-3-blue-front.jpg, https://ajax-filters-bc.diviengine.com/sampledata/images/Shirt-3-white-front.jpg",20,18
9,variation,"Divi Engine Tee - Blue, Large",0,https://ajax-filters-bc.diviengine.com/sampledata/images/Shirt-3-blue-front.jpg,14.99,13.491
10,variation,"Divi Engine Tee - White, Large",0,https://ajax-filters-bc.diviengine.com/sampledata/images/Shirt-3-white-front.jpg,14.99,13.491
11,variation,"Divi Engine Tee - Yellow, Large",0,https://ajax-filters-bc.diviengine.com/sampledata/images/Shirt-3-yellow-front.jpg,14.99,13.491
12,variation,"Divi Engine Tee - Blue, Medium",0,https://ajax-filters-bc.diviengine.com/sampledata/images/Shirt-3-blue-front.jpg,14.99,13.491
13,variation,"Divi Engine Tee - White, Medium",0,https://ajax-filters-bc.diviengine.com/sampledata/images/Shirt-3-white-front.jpg,14.99,13.491
14,variation,"Divi Engine Tee - Yellow, Medium",0,https://ajax-filters-bc.diviengine.com/sampledata/images/Shirt-3-yellow-front.jpg,14.99,13.491
15,variation,"Divi Engine Tee - Blue, Small",0,https://ajax-filters-bc.diviengine.com/sampledata/images/Shirt-3-blue-front.jpg,14.99,13.491
16,variation,"Divi Engine Tee - White, Small",0,https://ajax-filters-bc.diviengine.com/sampledata/images/Shirt-3-white-front.jpg,14.99,13.491
17,variation,"Divi Engine Tee - Yellow, Small",0,https://ajax-filters-bc.diviengine.com/sampledata/images/Shirt-3-yellow-front.jpg,14.99,13.491
18,variable,Divi Tee,This comfortable cotton t-shirt features the Divi logo on the front and back. It is the perfect tee for any occasion.,"https://ajax-filters-bc.diviengine.com/sampledata/images/Shirt-2---front.jpg, https://ajax-filters-bc.diviengine.com/sampledata/images/Shirt-2---back.jpg",20,18
19,variation,Divi Tee - Large,0,0,14.99,12.99
20,variation,Divi Tee - Medium,0,0,14.99,12.99
21,variation,Divi Tee - Small,0,0,14.99,12.99
22,variable,WordPress Tee,This comfortable cotton t-shirt features the WordPress logo on the front and back. It is the perfect tee for any occasion.,"https://ajax-filters-bc.diviengine.com/sampledata/images/Shirt-1---front.jpg, https://ajax-filters-bc.diviengine.com/sampledata/images/Shirt-1---back.jpg",20,18
23,variation,WordPress Tee - Large,0,0,14.99,12.99
24,variation,WordPress Tee - Medium,0,0,14.99,12.99
25,variation,WordPress Tee - Small,0,0,14.99,12.99
26,variable,Mens Divi Hoodie,"This Divi hoodie is a must have for any Divi fan. It is made from a soft, comfortable, and durable cotton blend. The hoodie is a perfect way to stay warm and show your Divi pride.",https://ajax-filters-bc.diviengine.com/sampledata/images/Hoodie-2.jpg,20,18
27,variation,Mens Divi Hoodie - Large,0,0,39.99,35.991
28,variation,Mens Divi Hoodie - Medium,0,0,34.99,31.491
29,variation,Mens Divi Hoodie - Small,0,0,34.99,31.491
30,variable,Dat Divi Engine Life Hoodie - Limited Edition,"This Divi Engine hoodie is a must have for any Divi Engine fan. It is made from a soft, comfortable, and durable cotton blend. The hoodie is a perfect way to stay warm and show your Divi Engine pride.",https://ajax-filters-bc.diviengine.com/sampledata/images/Hoodie-1.jpg,20,18
31,variation,Dat Divi Engine Life Hoodie - Limited Edition - Large,0,0,44.99,40.491
32,variation,Dat Divi Engine Life Hoodie - Limited Edition - Medium,0,0,44.99,40.491
33,variation,Dat Divi Engine Life Hoodie - Limited Edition - Small,0,0,44.99,40.491
34,variable,Mens WordPress Hoodie,"This WordPress hoodie is a must have for any WordPress fan. It is made from a soft, comfortable, and durable cotton blend. The hoodie is a perfect way to stay warm and show your WordPress pride.",https://ajax-filters-bc.diviengine.com/sampledata/images/Hoodie-3.jpg,20,18
35,variation,Mens WordPress Hoodie - Large,0,0,34.99,31.491
36,variation,Mens WordPress Hoodie - Medium,0,0,34.99,31.491
37,variation,Mens WordPress Hoodie - Small,0,0,34.99,31.491
38,variable,Divi Engine Logo Zipper Hoodie,"This Divi Engine hoodie is a must have for any Divi Engine fan. It is made from a soft, comfortable, and durable cotton blend. The hoodie is a perfect way to stay warm and show your Divi Engine pride.",https://ajax-filters-bc.diviengine.com/sampledata/images/Hoodie-Women-1.jpg,20,18
39,variation,Divi Engine Logo Zipper Hoodie - Large,0,0,29.99,26.991
40,variation,Divi Engine Logo Zipper Hoodie - Medium,0,0,29.99,26.991
41,variation,Divi Engine Logo Zipper Hoodie - Small,0,0,29.99,26.991
42,variable,Purple Divi Engine Text Zipper Hoodie,"This Divi Engine hoodie is a must have for any Divi Engine fan. It is made from a soft, comfortable, and durable cotton blend. The hoodie is a perfect way to stay warm and show your Divi Engine pride.",https://ajax-filters-bc.diviengine.com/sampledata/images/Hoodie-Women-2.jpg,20,18
43,variation,Purple Divi Engine Text Zipper Hoodie - Large,0,0,29.99,27.99
44,variation,Purple Divi Engine Text Zipper Hoodie - Medium,0,0,29.99,27.99
45,variation,Purple Divi Engine Text Zipper Hoodie - Small,0,0,29.99,27.99
46,variable,"WooCommerce ""Gimme the Money"" Zipper Hoodie","This WooCommerce hoodie is a must have for any WooCommerce fan. It is made from a soft, comfortable, and durable cotton blend. The hoodie is a perfect way to stay warm and show your WooCommerce pride.",https://ajax-filters-bc.diviengine.com/sampledata/images/Hoodie-Women-3.jpg,20,18
47,variation,"WooCommerce ""Gimme the Money"" Zipper Hoodie - Large",0,0,29.99,27.99
48,variation,"WooCommerce ""Gimme the Money"" Zipper Hoodie - Medium",0,0,29.99,27.99
49,variation,"WooCommerce ""Gimme the Money"" Zipper Hoodie - Small",0,0,29.99,27.99
50,variable,Divi Ninja Tee,This comfortable cotton t-shirt features the Divi logo on the front and expresses your Ninja status with the theme. It is the perfect tee for any occasion.,https://ajax-filters-bc.diviengine.com/sampledata/images/Divi-Ninja.jpg,20,18
51,variation,Divi Ninja Tee - Large,0,0,12.99,11.691
52,variation,Divi Ninja Tee - Medium,0,0,12.99,11.691
53,variation,Divi Ninja Tee - Small,0,0,12.99,11.691
54,variable,Divi Simplified Crop-top,This comfortable cotton crop-top features the Divi and Divi Engine logos on the front and back. It is the perfect tee for any occasion.,"https://ajax-filters-bc.diviengine.com/sampledata/images/divi-Simplified-croptop-white.jpg, https://ajax-filters-bc.diviengine.com/sampledata/images/divi-Simplified-croptop-blue.jpg, https://ajax-filters-bc.diviengine.com/sampledata/images/divi-Simplified-croptop-yellow.jpg",20,18
55,variable,Dat Divi Engine Life Crop-top (3-Tone),"This comfortable cotton crop-top features the Divi Engine logo on the front expressing how easy ""data Divi Engine life"" is. It is the perfect tee for any occasion.",https://ajax-filters-bc.diviengine.com/sampledata/images/Dat-Divi_Life.jpg,20,18
56,variation,Dat Divi Engine Life Crop-top (3-Tone) - Large,0,0,14.99,13.491
57,variation,Dat Divi Engine Life Crop-top (3-Tone) - Medium,0,0,12.99,11.691
58,variation,Dat Divi Engine Life Crop-top (3-Tone) - Small,0,0,12.99,11.691
59,variation,"Divi Simplified Crop-top - Large, Blue",0,https://ajax-filters-bc.diviengine.com/sampledata/images/divi-Simplified-croptop-blue.jpg,12.99,11.691
60,variation,"Divi Simplified Crop-top - Large, White",0,https://ajax-filters-bc.diviengine.com/sampledata/images/divi-Simplified-croptop-white.jpg,12.99,11.691
61,variation,"Divi Simplified Crop-top - Large, Yellow",0,https://ajax-filters-bc.diviengine.com/sampledata/images/divi-Simplified-croptop-yellow.jpg,12.99,11.691
62,variation,"Divi Simplified Crop-top - Medium, Blue",0,https://ajax-filters-bc.diviengine.com/sampledata/images/divi-Simplified-croptop-blue.jpg,12.99,11.691
63,variation,"Divi Simplified Crop-top - Medium, White",0,https://ajax-filters-bc.diviengine.com/sampledata/images/divi-Simplified-croptop-white.jpg,12.99,11.691
64,variation,"Divi Simplified Crop-top - Medium, Yellow",0,https://ajax-filters-bc.diviengine.com/sampledata/images/divi-Simplified-croptop-yellow.jpg,12.99,11.691
65,variation,"Divi Simplified Crop-top - Small, Blue",0,https://ajax-filters-bc.diviengine.com/sampledata/images/divi-Simplified-croptop-blue.jpg,12.99,11.691
66,variation,"Divi Simplified Crop-top - Small, White",0,https://ajax-filters-bc.diviengine.com/sampledata/images/divi-Simplified-croptop-white.jpg,12.99,11.691
67,variation,"Divi Simplified Crop-top - Small, Yellow",0,https://ajax-filters-bc.diviengine.com/sampledata/images/divi-Simplified-croptop-yellow.jpg,12.99,11.691
index,Type,Name,Short_description,Images,Price,Negotiate
0,simple,Divi Engine String Bag (Big Logo),This fashionable string bag is made of 100% cotton. It is the perfect size for carrying your everyday essentials.,"https://ajax-filters-bc.diviengine.com/sampledata/images/Bag1.jpg, https://ajax-filters-bc.diviengine.com/sampledata/images/Bag1-1.jpg, https://ajax-filters-bc.diviengine.com/sampledata/images/Bag1-2.jpg",19.99,17.991
1,simple,Divi Engine String Bag (Small Logos),This fashionable string bag is made of 100% cotton. It is the perfect size for carrying your everyday essentials.,"https://ajax-filters-bc.diviengine.com/sampledata/images/Bag2.jpg, https://ajax-filters-bc.diviengine.com/sampledata/images/Bag2-1.jpg, https://ajax-filters-bc.diviengine.com/sampledata/images/Bag2-2.jpg",19.99,17.991
2,variable,Brand Buttons,"Represent your favorite CMS, eCommerce Platform, Website Builder, or Plugin Company in style with a cool pin.",https://ajax-filters-bc.diviengine.com/sampledata/images/DE-Pins-4.jpg,20,18
3,variation,Brand Buttons - Divi,0,https://ajax-filters-bc.diviengine.com/sampledata/images/DE-Pins-1.jpg,9.99,8.991
4,variation,Brand Buttons - Divi Engine,0,https://ajax-filters-bc.diviengine.com/sampledata/images/DE-Pins-4.jpg,9.99,8.991
5,variation,Brand Buttons - WooCommerce,0,https://ajax-filters-bc.diviengine.com/sampledata/images/DE-Pins-2.jpg,9.99,8.991
6,variation,Brand Buttons - WordPress,0,https://ajax-filters-bc.diviengine.com/sampledata/images/DE-Pins-3.jpg,9.99,8.991
7,simple,Lanyard,Stop losing your important access keys with a lanyard that is ALMOST as reliable as Divi Engine plugins!,https://ajax-filters-bc.diviengine.com/sampledata/images/Lanyard1.jpg,9.99,7.99
8,variable,Divi Engine Tee,This comfortable cotton t-shirt that features the Divi Engine logo on the front is perfect for any occasion. The shirt is available in three colors.,"https://ajax-filters-bc.diviengine.com/sampledata/images/Shirt-3-yellow-front.jpg, https://ajax-filters-bc.diviengine.com/sampledata/images/Shirt-3-blue-front.jpg, https://ajax-filters-bc.diviengine.com/sampledata/images/Shirt-3-white-front.jpg",20,18
9,variation,"Divi Engine Tee - Blue, Large",0,https://ajax-filters-bc.diviengine.com/sampledata/images/Shirt-3-blue-front.jpg,14.99,13.491
10,variation,"Divi Engine Tee - White, Large",0,https://ajax-filters-bc.diviengine.com/sampledata/images/Shirt-3-white-front.jpg,14.99,13.491
11,variation,"Divi Engine Tee - Yellow, Large",0,https://ajax-filters-bc.diviengine.com/sampledata/images/Shirt-3-yellow-front.jpg,14.99,13.491
12,variation,"Divi Engine Tee - Blue, Medium",0,https://ajax-filters-bc.diviengine.com/sampledata/images/Shirt-3-blue-front.jpg,14.99,13.491
13,variation,"Divi Engine Tee - White, Medium",0,https://ajax-filters-bc.diviengine.com/sampledata/images/Shirt-3-white-front.jpg,14.99,13.491
14,variation,"Divi Engine Tee - Yellow, Medium",0,https://ajax-filters-bc.diviengine.com/sampledata/images/Shirt-3-yellow-front.jpg,14.99,13.491
15,variation,"Divi Engine Tee - Blue, Small",0,https://ajax-filters-bc.diviengine.com/sampledata/images/Shirt-3-blue-front.jpg,14.99,13.491
16,variation,"Divi Engine Tee - White, Small",0,https://ajax-filters-bc.diviengine.com/sampledata/images/Shirt-3-white-front.jpg,14.99,13.491
17,variation,"Divi Engine Tee - Yellow, Small",0,https://ajax-filters-bc.diviengine.com/sampledata/images/Shirt-3-yellow-front.jpg,14.99,13.491
18,variable,Divi Tee,This comfortable cotton t-shirt features the Divi logo on the front and back. It is the perfect tee for any occasion.,"https://ajax-filters-bc.diviengine.com/sampledata/images/Shirt-2---front.jpg, https://ajax-filters-bc.diviengine.com/sampledata/images/Shirt-2---back.jpg",20,18
19,variation,Divi Tee - Large,0,0,14.99,12.99
20,variation,Divi Tee - Medium,0,0,14.99,12.99
21,variation,Divi Tee - Small,0,0,14.99,12.99
22,variable,WordPress Tee,This comfortable cotton t-shirt features the WordPress logo on the front and back. It is the perfect tee for any occasion.,"https://ajax-filters-bc.diviengine.com/sampledata/images/Shirt-1---front.jpg, https://ajax-filters-bc.diviengine.com/sampledata/images/Shirt-1---back.jpg",20,18
23,variation,WordPress Tee - Large,0,0,14.99,12.99
24,variation,WordPress Tee - Medium,0,0,14.99,12.99
25,variation,WordPress Tee - Small,0,0,14.99,12.99
26,variable,Mens Divi Hoodie,"This Divi hoodie is a must have for any Divi fan. It is made from a soft, comfortable, and durable cotton blend. The hoodie is a perfect way to stay warm and show your Divi pride.",https://ajax-filters-bc.diviengine.com/sampledata/images/Hoodie-2.jpg,20,18
27,variation,Mens Divi Hoodie - Large,0,0,39.99,35.991
28,variation,Mens Divi Hoodie - Medium,0,0,34.99,31.491
29,variation,Mens Divi Hoodie - Small,0,0,34.99,31.491
30,variable,Dat Divi Engine Life Hoodie - Limited Edition,"This Divi Engine hoodie is a must have for any Divi Engine fan. It is made from a soft, comfortable, and durable cotton blend. The hoodie is a perfect way to stay warm and show your Divi Engine pride.",https://ajax-filters-bc.diviengine.com/sampledata/images/Hoodie-1.jpg,20,18
31,variation,Dat Divi Engine Life Hoodie - Limited Edition - Large,0,0,44.99,40.491
32,variation,Dat Divi Engine Life Hoodie - Limited Edition - Medium,0,0,44.99,40.491
33,variation,Dat Divi Engine Life Hoodie - Limited Edition - Small,0,0,44.99,40.491
34,variable,Mens WordPress Hoodie,"This WordPress hoodie is a must have for any WordPress fan. It is made from a soft, comfortable, and durable cotton blend. The hoodie is a perfect way to stay warm and show your WordPress pride.",https://ajax-filters-bc.diviengine.com/sampledata/images/Hoodie-3.jpg,20,18
35,variation,Mens WordPress Hoodie - Large,0,0,34.99,31.491
36,variation,Mens WordPress Hoodie - Medium,0,0,34.99,31.491
37,variation,Mens WordPress Hoodie - Small,0,0,34.99,31.491
38,variable,Divi Engine Logo Zipper Hoodie,"This Divi Engine hoodie is a must have for any Divi Engine fan. It is made from a soft, comfortable, and durable cotton blend. The hoodie is a perfect way to stay warm and show your Divi Engine pride.",https://ajax-filters-bc.diviengine.com/sampledata/images/Hoodie-Women-1.jpg,20,18
39,variation,Divi Engine Logo Zipper Hoodie - Large,0,0,29.99,26.991
40,variation,Divi Engine Logo Zipper Hoodie - Medium,0,0,29.99,26.991
41,variation,Divi Engine Logo Zipper Hoodie - Small,0,0,29.99,26.991
42,variable,Purple Divi Engine Text Zipper Hoodie,"This Divi Engine hoodie is a must have for any Divi Engine fan. It is made from a soft, comfortable, and durable cotton blend. The hoodie is a perfect way to stay warm and show your Divi Engine pride.",https://ajax-filters-bc.diviengine.com/sampledata/images/Hoodie-Women-2.jpg,20,18
43,variation,Purple Divi Engine Text Zipper Hoodie - Large,0,0,29.99,27.99
44,variation,Purple Divi Engine Text Zipper Hoodie - Medium,0,0,29.99,27.99
45,variation,Purple Divi Engine Text Zipper Hoodie - Small,0,0,29.99,27.99
46,variable,"WooCommerce ""Gimme the Money"" Zipper Hoodie","This WooCommerce hoodie is a must have for any WooCommerce fan. It is made from a soft, comfortable, and durable cotton blend. The hoodie is a perfect way to stay warm and show your WooCommerce pride.",https://ajax-filters-bc.diviengine.com/sampledata/images/Hoodie-Women-3.jpg,20,18
47,variation,"WooCommerce ""Gimme the Money"" Zipper Hoodie - Large",0,0,29.99,27.99
48,variation,"WooCommerce ""Gimme the Money"" Zipper Hoodie - Medium",0,0,29.99,27.99
49,variation,"WooCommerce ""Gimme the Money"" Zipper Hoodie - Small",0,0,29.99,27.99
50,variable,Divi Ninja Tee,This comfortable cotton t-shirt features the Divi logo on the front and expresses your Ninja status with the theme. It is the perfect tee for any occasion.,https://ajax-filters-bc.diviengine.com/sampledata/images/Divi-Ninja.jpg,20,18
51,variation,Divi Ninja Tee - Large,0,0,12.99,11.691
52,variation,Divi Ninja Tee - Medium,0,0,12.99,11.691
53,variation,Divi Ninja Tee - Small,0,0,12.99,11.691
54,variable,Divi Simplified Crop-top,This comfortable cotton crop-top features the Divi and Divi Engine logos on the front and back. It is the perfect tee for any occasion.,"https://ajax-filters-bc.diviengine.com/sampledata/images/divi-Simplified-croptop-white.jpg, https://ajax-filters-bc.diviengine.com/sampledata/images/divi-Simplified-croptop-blue.jpg, https://ajax-filters-bc.diviengine.com/sampledata/images/divi-Simplified-croptop-yellow.jpg",20,18
55,variable,Dat Divi Engine Life Crop-top (3-Tone),"This comfortable cotton crop-top features the Divi Engine logo on the front expressing how easy ""data Divi Engine life"" is. It is the perfect tee for any occasion.",https://ajax-filters-bc.diviengine.com/sampledata/images/Dat-Divi_Life.jpg,20,18
56,variation,Dat Divi Engine Life Crop-top (3-Tone) - Large,0,0,14.99,13.491
57,variation,Dat Divi Engine Life Crop-top (3-Tone) - Medium,0,0,12.99,11.691
58,variation,Dat Divi Engine Life Crop-top (3-Tone) - Small,0,0,12.99,11.691
59,variation,"Divi Simplified Crop-top - Large, Blue",0,https://ajax-filters-bc.diviengine.com/sampledata/images/divi-Simplified-croptop-blue.jpg,12.99,11.691
60,variation,"Divi Simplified Crop-top - Large, White",0,https://ajax-filters-bc.diviengine.com/sampledata/images/divi-Simplified-croptop-white.jpg,12.99,11.691
61,variation,"Divi Simplified Crop-top - Large, Yellow",0,https://ajax-filters-bc.diviengine.com/sampledata/images/divi-Simplified-croptop-yellow.jpg,12.99,11.691
62,variation,"Divi Simplified Crop-top - Medium, Blue",0,https://ajax-filters-bc.diviengine.com/sampledata/images/divi-Simplified-croptop-blue.jpg,12.99,11.691
63,variation,"Divi Simplified Crop-top - Medium, White",0,https://ajax-filters-bc.diviengine.com/sampledata/images/divi-Simplified-croptop-white.jpg,12.99,11.691
64,variation,"Divi Simplified Crop-top - Medium, Yellow",0,https://ajax-filters-bc.diviengine.com/sampledata/images/divi-Simplified-croptop-yellow.jpg,12.99,11.691
65,variation,"Divi Simplified Crop-top - Small, Blue",0,https://ajax-filters-bc.diviengine.com/sampledata/images/divi-Simplified-croptop-blue.jpg,12.99,11.691
66,variation,"Divi Simplified Crop-top - Small, White",0,https://ajax-filters-bc.diviengine.com/sampledata/images/divi-Simplified-croptop-white.jpg,12.99,11.691
67,variation,"Divi Simplified Crop-top - Small, Yellow",0,https://ajax-filters-bc.diviengine.com/sampledata/images/divi-Simplified-croptop-yellow.jpg,12.99,11.691
index,Type,Name,Short_description,Images,Price,Negotiate
0,simple,Divi Engine String Bag (Big Logo),This fashionable string bag is made of 100% cotton. It is the perfect size for carrying your everyday essentials.,"https://ajax-filters-bc.diviengine.com/sampledata/images/Bag1.jpg, https://ajax-filters-bc.diviengine.com/sampledata/images/Bag1-1.jpg, https://ajax-filters-bc.diviengine.com/sampledata/images/Bag1-2.jpg",19.99,17.991
1,simple,Divi Engine String Bag (Small Logos),This fashionable string bag is made of 100% cotton. It is the perfect size for carrying your everyday essentials.,"https://ajax-filters-bc.diviengine.com/sampledata/images/Bag2.jpg, https://ajax-filters-bc.diviengine.com/sampledata/images/Bag2-1.jpg, https://ajax-filters-bc.diviengine.com/sampledata/images/Bag2-2.jpg",19.99,17.991
2,variable,Brand Buttons,"Represent your favorite CMS, eCommerce Platform, Website Builder, or Plugin Company in style with a cool pin.",https://ajax-filters-bc.diviengine.com/sampledata/images/DE-Pins-4.jpg,20,18
3,variation,Brand Buttons - Divi,0,https://ajax-filters-bc.diviengine.com/sampledata/images/DE-Pins-1.jpg,9.99,8.991
4,variation,Brand Buttons - Divi Engine,0,https://ajax-filters-bc.diviengine.com/sampledata/images/DE-Pins-4.jpg,9.99,8.991
5,variation,Brand Buttons - WooCommerce,0,https://ajax-filters-bc.diviengine.com/sampledata/images/DE-Pins-2.jpg,9.99,8.991
6,variation,Brand Buttons - WordPress,0,https://ajax-filters-bc.diviengine.com/sampledata/images/DE-Pins-3.jpg,9.99,8.991
7,simple,Lanyard,Stop losing your important access keys with a lanyard that is ALMOST as reliable as Divi Engine plugins!,https://ajax-filters-bc.diviengine.com/sampledata/images/Lanyard1.jpg,9.99,7.99
8,variable,Divi Engine Tee,This comfortable cotton t-shirt that features the Divi Engine logo on the front is perfect for any occasion. The shirt is available in three colors.,"https://ajax-filters-bc.diviengine.com/sampledata/images/Shirt-3-yellow-front.jpg, https://ajax-filters-bc.diviengine.com/sampledata/images/Shirt-3-blue-front.jpg, https://ajax-filters-bc.diviengine.com/sampledata/images/Shirt-3-white-front.jpg",20,18
9,variation,"Divi Engine Tee - Blue, Large",0,https://ajax-filters-bc.diviengine.com/sampledata/images/Shirt-3-blue-front.jpg,14.99,13.491
10,variation,"Divi Engine Tee - White, Large",0,https://ajax-filters-bc.diviengine.com/sampledata/images/Shirt-3-white-front.jpg,14.99,13.491
11,variation,"Divi Engine Tee - Yellow, Large",0,https://ajax-filters-bc.diviengine.com/sampledata/images/Shirt-3-yellow-front.jpg,14.99,13.491
12,variation,"Divi Engine Tee - Blue, Medium",0,https://ajax-filters-bc.diviengine.com/sampledata/images/Shirt-3-blue-front.jpg,14.99,13.491
13,variation,"Divi Engine Tee - White, Medium",0,https://ajax-filters-bc.diviengine.com/sampledata/images/Shirt-3-white-front.jpg,14.99,13.491
14,variation,"Divi Engine Tee - Yellow, Medium",0,https://ajax-filters-bc.diviengine.com/sampledata/images/Shirt-3-yellow-front.jpg,14.99,13.491
15,variation,"Divi Engine Tee - Blue, Small",0,https://ajax-filters-bc.diviengine.com/sampledata/images/Shirt-3-blue-front.jpg,14.99,13.491
16,variation,"Divi Engine Tee - White, Small",0,https://ajax-filters-bc.diviengine.com/sampledata/images/Shirt-3-white-front.jpg,14.99,13.491
17,variation,"Divi Engine Tee - Yellow, Small",0,https://ajax-filters-bc.diviengine.com/sampledata/images/Shirt-3-yellow-front.jpg,14.99,13.491
18,variable,Divi Tee,This comfortable cotton t-shirt features the Divi logo on the front and back. It is the perfect tee for any occasion.,"https://ajax-filters-bc.diviengine.com/sampledata/images/Shirt-2---front.jpg, https://ajax-filters-bc.diviengine.com/sampledata/images/Shirt-2---back.jpg",20,18
19,variation,Divi Tee - Large,0,0,14.99,12.99
20,variation,Divi Tee - Medium,0,0,14.99,12.99
21,variation,Divi Tee - Small,0,0,14.99,12.99
22,variable,WordPress Tee,This comfortable cotton t-shirt features the WordPress logo on the front and back. It is the perfect tee for any occasion.,"https://ajax-filters-bc.diviengine.com/sampledata/images/Shirt-1---front.jpg, https://ajax-filters-bc.diviengine.com/sampledata/images/Shirt-1---back.jpg",20,18
23,variation,WordPress Tee - Large,0,0,14.99,12.99
24,variation,WordPress Tee - Medium,0,0,14.99,12.99
25,variation,WordPress Tee - Small,0,0,14.99,12.99
26,variable,Mens Divi Hoodie,"This Divi hoodie is a must have for any Divi fan. It is made from a soft, comfortable, and durable cotton blend. The hoodie is a perfect way to stay warm and show your Divi pride.",https://ajax-filters-bc.diviengine.com/sampledata/images/Hoodie-2.jpg,20,18
27,variation,Mens Divi Hoodie - Large,0,0,39.99,35.991
28,variation,Mens Divi Hoodie - Medium,0,0,34.99,31.491
29,variation,Mens Divi Hoodie - Small,0,0,34.99,31.491
30,variable,Dat Divi Engine Life Hoodie - Limited Edition,"This Divi Engine hoodie is a must have for any Divi Engine fan. It is made from a soft, comfortable, and durable cotton blend. The hoodie is a perfect way to stay warm and show your Divi Engine pride.",https://ajax-filters-bc.diviengine.com/sampledata/images/Hoodie-1.jpg,20,18
31,variation,Dat Divi Engine Life Hoodie - Limited Edition - Large,0,0,44.99,40.491
32,variation,Dat Divi Engine Life Hoodie - Limited Edition - Medium,0,0,44.99,40.491
33,variation,Dat Divi Engine Life Hoodie - Limited Edition - Small,0,0,44.99,40.491
34,variable,Mens WordPress Hoodie,"This WordPress hoodie is a must have for any WordPress fan. It is made from a soft, comfortable, and durable cotton blend. The hoodie is a perfect way to stay warm and show your WordPress pride.",https://ajax-filters-bc.diviengine.com/sampledata/images/Hoodie-3.jpg,20,18
35,variation,Mens WordPress Hoodie - Large,0,0,34.99,31.491
36,variation,Mens WordPress Hoodie - Medium,0,0,34.99,31.491
37,variation,Mens WordPress Hoodie - Small,0,0,34.99,31.491
38,variable,Divi Engine Logo Zipper Hoodie,"This Divi Engine hoodie is a must have for any Divi Engine fan. It is made from a soft, comfortable, and durable cotton blend. The hoodie is a perfect way to stay warm and show your Divi Engine pride.",https://ajax-filters-bc.diviengine.com/sampledata/images/Hoodie-Women-1.jpg,20,18
39,variation,Divi Engine Logo Zipper Hoodie - Large,0,0,29.99,26.991
40,variation,Divi Engine Logo Zipper Hoodie - Medium,0,0,29.99,26.991
41,variation,Divi Engine Logo Zipper Hoodie - Small,0,0,29.99,26.991
42,variable,Purple Divi Engine Text Zipper Hoodie,"This Divi Engine hoodie is a must have for any Divi Engine fan. It is made from a soft, comfortable, and durable cotton blend. The hoodie is a perfect way to stay warm and show your Divi Engine pride.",https://ajax-filters-bc.diviengine.com/sampledata/images/Hoodie-Women-2.jpg,20,18
43,variation,Purple Divi Engine Text Zipper Hoodie - Large,0,0,29.99,27.99
44,variation,Purple Divi Engine Text Zipper Hoodie - Medium,0,0,29.99,27.99
45,variation,Purple Divi Engine Text Zipper Hoodie - Small,0,0,29.99,27.99
46,variable,"WooCommerce ""Gimme the Money"" Zipper Hoodie","This WooCommerce hoodie is a must have for any WooCommerce fan. It is made from a soft, comfortable, and durable cotton blend. The hoodie is a perfect way to stay warm and show your WooCommerce pride.",https://ajax-filters-bc.diviengine.com/sampledata/images/Hoodie-Women-3.jpg,20,18
47,variation,"WooCommerce ""Gimme the Money"" Zipper Hoodie - Large",0,0,29.99,27.99
48,variation,"WooCommerce ""Gimme the Money"" Zipper Hoodie - Medium",0,0,29.99,27.99
49,variation,"WooCommerce ""Gimme the Money"" Zipper Hoodie - Small",0,0,29.99,27.99
50,variable,Divi Ninja Tee,This comfortable cotton t-shirt features the Divi logo on the front and expresses your Ninja status with the theme. It is the perfect tee for any occasion.,https://ajax-filters-bc.diviengine.com/sampledata/images/Divi-Ninja.jpg,20,18
51,variation,Divi Ninja Tee - Large,0,0,12.99,11.691
52,variation,Divi Ninja Tee - Medium,0,0,12.99,11.691
53,variation,Divi Ninja Tee - Small,0,0,12.99,11.691
54,variable,Divi Simplified Crop-top,This comfortable cotton crop-top features the Divi and Divi Engine logos on the front and back. It is the perfect tee for any occasion.,"https://ajax-filters-bc.diviengine.com/sampledata/images/divi-Simplified-croptop-white.jpg, https://ajax-filters-bc.diviengine.com/sampledata/images/divi-Simplified-croptop-blue.jpg, https://ajax-filters-bc.diviengine.com/sampledata/images/divi-Simplified-croptop-yellow.jpg",20,18
55,variable,Dat Divi Engine Life Crop-top (3-Tone),"This comfortable cotton crop-top features the Divi Engine logo on the front expressing how easy ""data Divi Engine life"" is. It is the perfect tee for any occasion.",https://ajax-filters-bc.diviengine.com/sampledata/images/Dat-Divi_Life.jpg,20,18
56,variation,Dat Divi Engine Life Crop-top (3-Tone) - Large,0,0,14.99,13.491
57,variation,Dat Divi Engine Life Crop-top (3-Tone) - Medium,0,0,12.99,11.691
58,variation,Dat Divi Engine Life Crop-top (3-Tone) - Small,0,0,12.99,11.691
59,variation,"Divi Simplified Crop-top - Large, Blue",0,https://ajax-filters-bc.diviengine.com/sampledata/images/divi-Simplified-croptop-blue.jpg,12.99,11.691
60,variation,"Divi Simplified Crop-top - Large, White",0,https://ajax-filters-bc.diviengine.com/sampledata/images/divi-Simplified-croptop-white.jpg,12.99,11.691
61,variation,"Divi Simplified Crop-top - Large, Yellow",0,https://ajax-filters-bc.diviengine.com/sampledata/images/divi-Simplified-croptop-yellow.jpg,12.99,11.691
62,variation,"Divi Simplified Crop-top - Medium, Blue",0,https://ajax-filters-bc.diviengine.com/sampledata/images/divi-Simplified-croptop-blue.jpg,12.99,11.691
63,variation,"Divi Simplified Crop-top - Medium, White",0,https://ajax-filters-bc.diviengine.com/sampledata/images/divi-Simplified-croptop-white.jpg,12.99,11.691
64,variation,"Divi Simplified Crop-top - Medium, Yellow",0,https://ajax-filters-bc.diviengine.com/sampledata/images/divi-Simplified-croptop-yellow.jpg,12.99,11.691
65,variation,"Divi Simplified Crop-top - Small, Blue",0,https://ajax-filters-bc.diviengine.com/sampledata/images/divi-Simplified-croptop-blue.jpg,12.99,11.691
66,variation,"Divi Simplified Crop-top - Small, White",0,https://ajax-filters-bc.diviengine.com/sampledata/images/divi-Simplified-croptop-white.jpg,12.99,11.691
67,variation,"Divi Simplified Crop-top - Small, Yellow",0,https://ajax-filters-bc.diviengine.com/sampledata/images/divi-Simplified-croptop-yellow.jpg,12.99,11.691
index,Type,Name,Short_description,Images,Price,Negotiate
0,simple,Divi Engine String Bag (Big Logo),This fashionable string bag is made of 100% cotton. It is the perfect size for carrying your everyday essentials.,"https://ajax-filters-bc.diviengine.com/sampledata/images/Bag1.jpg, https://ajax-filters-bc.diviengine.com/sampledata/images/Bag1-1.jpg, https://ajax-filters-bc.diviengine.com/sampledata/images/Bag1-2.jpg",19.99,17.991
1,simple,Divi Engine String Bag (Small Logos),This fashionable string bag is made of 100% cotton. It is the perfect size for carrying your everyday essentials.,"https://ajax-filters-bc.diviengine.com/sampledata/images/Bag2.jpg, https://ajax-filters-bc.diviengine.com/sampledata/images/Bag2-1.jpg, https://ajax-filters-bc.diviengine.com/sampledata/images/Bag2-2.jpg",19.99,17.991
2,variable,Brand Buttons,"Represent your favorite CMS, eCommerce Platform, Website Builder, or Plugin Company in style with a cool pin.",https://ajax-filters-bc.diviengine.com/sampledata/images/DE-Pins-4.jpg,20,18
3,variation,Brand Buttons - Divi,0,https://ajax-filters-bc.diviengine.com/sampledata/images/DE-Pins-1.jpg,9.99,8.991
4,variation,Brand Buttons - Divi Engine,0,https://ajax-filters-bc.diviengine.com/sampledata/images/DE-Pins-4.jpg,9.99,8.991
5,variation,Brand Buttons - WooCommerce,0,https://ajax-filters-bc.diviengine.com/sampledata/images/DE-Pins-2.jpg,9.99,8.991
6,variation,Brand Buttons - WordPress,0,https://ajax-filters-bc.diviengine.com/sampledata/images/DE-Pins-3.jpg,9.99,8.991
7,simple,Lanyard,Stop losing your important access keys with a lanyard that is ALMOST as reliable as Divi Engine plugins!,https://ajax-filters-bc.diviengine.com/sampledata/images/Lanyard1.jpg,9.99,7.99
8,variable,Divi Engine Tee,This comfortable cotton t-shirt that features the Divi Engine logo on the front is perfect for any occasion. The shirt is available in three colors.,"https://ajax-filters-bc.diviengine.com/sampledata/images/Shirt-3-yellow-front.jpg, https://ajax-filters-bc.diviengine.com/sampledata/images/Shirt-3-blue-front.jpg, https://ajax-filters-bc.diviengine.com/sampledata/images/Shirt-3-white-front.jpg",20,18
9,variation,"Divi Engine Tee - Blue, Large",0,https://ajax-filters-bc.diviengine.com/sampledata/images/Shirt-3-blue-front.jpg,14.99,13.491
10,variation,"Divi Engine Tee - White, Large",0,https://ajax-filters-bc.diviengine.com/sampledata/images/Shirt-3-white-front.jpg,14.99,13.491
11,variation,"Divi Engine Tee - Yellow, Large",0,https://ajax-filters-bc.diviengine.com/sampledata/images/Shirt-3-yellow-front.jpg,14.99,13.491
12,variation,"Divi Engine Tee - Blue, Medium",0,https://ajax-filters-bc.diviengine.com/sampledata/images/Shirt-3-blue-front.jpg,14.99,13.491
13,variation,"Divi Engine Tee - White, Medium",0,https://ajax-filters-bc.diviengine.com/sampledata/images/Shirt-3-white-front.jpg,14.99,13.491
14,variation,"Divi Engine Tee - Yellow, Medium",0,https://ajax-filters-bc.diviengine.com/sampledata/images/Shirt-3-yellow-front.jpg,14.99,13.491
15,variation,"Divi Engine Tee - Blue, Small",0,https://ajax-filters-bc.diviengine.com/sampledata/images/Shirt-3-blue-front.jpg,14.99,13.491
16,variation,"Divi Engine Tee - White, Small",0,https://ajax-filters-bc.diviengine.com/sampledata/images/Shirt-3-white-front.jpg,14.99,13.491
17,variation,"Divi Engine Tee - Yellow, Small",0,https://ajax-filters-bc.diviengine.com/sampledata/images/Shirt-3-yellow-front.jpg,14.99,13.491
18,variable,Divi Tee,This comfortable cotton t-shirt features the Divi logo on the front and back. It is the perfect tee for any occasion.,"https://ajax-filters-bc.diviengine.com/sampledata/images/Shirt-2---front.jpg, https://ajax-filters-bc.diviengine.com/sampledata/images/Shirt-2---back.jpg",20,18
19,variation,Divi Tee - Large,0,0,14.99,12.99
20,variation,Divi Tee - Medium,0,0,14.99,12.99
21,variation,Divi Tee - Small,0,0,14.99,12.99
22,variable,WordPress Tee,This comfortable cotton t-shirt features the WordPress logo on the front and back. It is the perfect tee for any occasion.,"https://ajax-filters-bc.diviengine.com/sampledata/images/Shirt-1---front.jpg, https://ajax-filters-bc.diviengine.com/sampledata/images/Shirt-1---back.jpg",20,18
23,variation,WordPress Tee - Large,0,0,14.99,12.99
24,variation,WordPress Tee - Medium,0,0,14.99,12.99
25,variation,WordPress Tee - Small,0,0,14.99,12.99
26,variable,Mens Divi Hoodie,"This Divi hoodie is a must have for any Divi fan. It is made from a soft, comfortable, and durable cotton blend. The hoodie is a perfect way to stay warm and show your Divi pride.",https://ajax-filters-bc.diviengine.com/sampledata/images/Hoodie-2.jpg,20,18
27,variation,Mens Divi Hoodie - Large,0,0,39.99,35.991
28,variation,Mens Divi Hoodie - Medium,0,0,34.99,31.491
29,variation,Mens Divi Hoodie - Small,0,0,34.99,31.491
30,variable,Dat Divi Engine Life Hoodie - Limited Edition,"This Divi Engine hoodie is a must have for any Divi Engine fan. It is made from a soft, comfortable, and durable cotton blend. The hoodie is a perfect way to stay warm and show your Divi Engine pride.",https://ajax-filters-bc.diviengine.com/sampledata/images/Hoodie-1.jpg,20,18
31,variation,Dat Divi Engine Life Hoodie - Limited Edition - Large,0,0,44.99,40.491
32,variation,Dat Divi Engine Life Hoodie - Limited Edition - Medium,0,0,44.99,40.491
33,variation,Dat Divi Engine Life Hoodie - Limited Edition - Small,0,0,44.99,40.491
34,variable,Mens WordPress Hoodie,"This WordPress hoodie is a must have for any WordPress fan. It is made from a soft, comfortable, and durable cotton blend. The hoodie is a perfect way to stay warm and show your WordPress pride.",https://ajax-filters-bc.diviengine.com/sampledata/images/Hoodie-3.jpg,20,18
35,variation,Mens WordPress Hoodie - Large,0,0,34.99,31.491
36,variation,Mens WordPress Hoodie - Medium,0,0,34.99,31.491
37,variation,Mens WordPress Hoodie - Small,0,0,34.99,31.491
38,variable,Divi Engine Logo Zipper Hoodie,"This Divi Engine hoodie is a must have for any Divi Engine fan. It is made from a soft, comfortable, and durable cotton blend. The hoodie is a perfect way to stay warm and show your Divi Engine pride.",https://ajax-filters-bc.diviengine.com/sampledata/images/Hoodie-Women-1.jpg,20,18
39,variation,Divi Engine Logo Zipper Hoodie - Large,0,0,29.99,26.991
40,variation,Divi Engine Logo Zipper Hoodie - Medium,0,0,29.99,26.991
41,variation,Divi Engine Logo Zipper Hoodie - Small,0,0,29.99,26.991
42,variable,Purple Divi Engine Text Zipper Hoodie,"This Divi Engine hoodie is a must have for any Divi Engine fan. It is made from a soft, comfortable, and durable cotton blend. The hoodie is a perfect way to stay warm and show your Divi Engine pride.",https://ajax-filters-bc.diviengine.com/sampledata/images/Hoodie-Women-2.jpg,20,18
43,variation,Purple Divi Engine Text Zipper Hoodie - Large,0,0,29.99,27.99
44,variation,Purple Divi Engine Text Zipper Hoodie - Medium,0,0,29.99,27.99
45,variation,Purple Divi Engine Text Zipper Hoodie - Small,0,0,29.99,27.99
46,variable,"WooCommerce ""Gimme the Money"" Zipper Hoodie","This WooCommerce hoodie is a must have for any WooCommerce fan. It is made from a soft, comfortable, and durable cotton blend. The hoodie is a perfect way to stay warm and show your WooCommerce pride.",https://ajax-filters-bc.diviengine.com/sampledata/images/Hoodie-Women-3.jpg,20,18
47,variation,"WooCommerce ""Gimme the Money"" Zipper Hoodie - Large",0,0,29.99,27.99
48,variation,"WooCommerce ""Gimme the Money"" Zipper Hoodie - Medium",0,0,29.99,27.99
49,variation,"WooCommerce ""Gimme the Money"" Zipper Hoodie - Small",0,0,29.99,27.99
50,variable,Divi Ninja Tee,This comfortable cotton t-shirt features the Divi logo on the front and expresses your Ninja status with the theme. It is the perfect tee for any occasion.,https://ajax-filters-bc.diviengine.com/sampledata/images/Divi-Ninja.jpg,20,18
51,variation,Divi Ninja Tee - Large,0,0,12.99,11.691
52,variation,Divi Ninja Tee - Medium,0,0,12.99,11.691
53,variation,Divi Ninja Tee - Small,0,0,12.99,11.691
54,variable,Divi Simplified Crop-top,This comfortable cotton crop-top features the Divi and Divi Engine logos on the front and back. It is the perfect tee for any occasion.,"https://ajax-filters-bc.diviengine.com/sampledata/images/divi-Simplified-croptop-white.jpg, https://ajax-filters-bc.diviengine.com/sampledata/images/divi-Simplified-croptop-blue.jpg, https://ajax-filters-bc.diviengine.com/sampledata/images/divi-Simplified-croptop-yellow.jpg",20,18
55,variable,Dat Divi Engine Life Crop-top (3-Tone),"This comfortable cotton crop-top features the Divi Engine logo on the front expressing how easy ""data Divi Engine life"" is. It is the perfect tee for any occasion.",https://ajax-filters-bc.diviengine.com/sampledata/images/Dat-Divi_Life.jpg,20,18
56,variation,Dat Divi Engine Life Crop-top (3-Tone) - Large,0,0,14.99,13.491
57,variation,Dat Divi Engine Life Crop-top (3-Tone) - Medium,0,0,12.99,11.691
58,variation,Dat Divi Engine Life Crop-top (3-Tone) - Small,0,0,12.99,11.691
59,variation,"Divi Simplified Crop-top - Large, Blue",0,https://ajax-filters-bc.diviengine.com/sampledata/images/divi-Simplified-croptop-blue.jpg,12.99,11.691
60,variation,"Divi Simplified Crop-top - Large, White",0,https://ajax-filters-bc.diviengine.com/sampledata/images/divi-Simplified-croptop-white.jpg,12.99,11.691
61,variation,"Divi Simplified Crop-top - Large, Yellow",0,https://ajax-filters-bc.diviengine.com/sampledata/images/divi-Simplified-croptop-yellow.jpg,12.99,11.691
62,variation,"Divi Simplified Crop-top - Medium, Blue",0,https://ajax-filters-bc.diviengine.com/sampledata/images/divi-Simplified-croptop-blue.jpg,12.99,11.691
63,variation,"Divi Simplified Crop-top - Medium, White",0,https://ajax-filters-bc.diviengine.com/sampledata/images/divi-Simplified-croptop-white.jpg,12.99,11.691
64,variation,"Divi Simplified Crop-top - Medium, Yellow",0,https://ajax-filters-bc.diviengine.com/sampledata/images/divi-Simplified-croptop-yellow.jpg,12.99,11.691
65,variation,"Divi Simplified Crop-top - Small, Blue",0,https://ajax-filters-bc.diviengine.com/sampledata/images/divi-Simplified-croptop-blue.jpg,12.99,11.691
66,variation,"Divi Simplified Crop-top - Small, White",0,https://ajax-filters-bc.diviengine.com/sampledata/images/divi-Simplified-croptop-white.jpg,12.99,11.691
67,variation,"Divi Simplified Crop-top - Small, Yellow",0,https://ajax-filters-bc.diviengine.com/sampledata/images/divi-Simplified-croptop-yellow.jpg,12.99,11.691
index,Type,Name,Short_description,Images,Price,Negotiate
0,simple,Divi Engine String Bag (Big Logo),This fashionable string bag is made of 100% cotton. It is the perfect size for carrying your everyday essentials.,"https://ajax-filters-bc.diviengine.com/sampledata/images/Bag1.jpg, https://ajax-filters-bc.diviengine.com/sampledata/images/Bag1-1.jpg, https://ajax-filters-bc.diviengine.com/sampledata/images/Bag1-2.jpg",19.99,17.991
1,simple,Divi Engine String Bag (Small Logos),This fashionable string bag is made of 100% cotton. It is the perfect size for carrying your everyday essentials.,"https://ajax-filters-bc.diviengine.com/sampledata/images/Bag2.jpg, https://ajax-filters-bc.diviengine.com/sampledata/images/Bag2-1.jpg, https://ajax-filters-bc.diviengine.com/sampledata/images/Bag2-2.jpg",19.99,17.991
2,variable,Brand Buttons,"Represent your favorite CMS, eCommerce Platform, Website Builder, or Plugin Company in style with a cool pin.",https://ajax-filters-bc.diviengine.com/sampledata/images/DE-Pins-4.jpg,20,18
3,variation,Brand Buttons - Divi,0,https://ajax-filters-bc.diviengine.com/sampledata/images/DE-Pins-1.jpg,9.99,8.991
4,variation,Brand Buttons - Divi Engine,0,https://ajax-filters-bc.diviengine.com/sampledata/images/DE-Pins-4.jpg,9.99,8.991
5,variation,Brand Buttons - WooCommerce,0,https://ajax-filters-bc.diviengine.com/sampledata/images/DE-Pins-2.jpg,9.99,8.991
6,variation,Brand Buttons - WordPress,0,https://ajax-filters-bc.diviengine.com/sampledata/images/DE-Pins-3.jpg,9.99,8.991
7,simple,Lanyard,Stop losing your important access keys with a lanyard that is ALMOST as reliable as Divi Engine plugins!,https://ajax-filters-bc.diviengine.com/sampledata/images/Lanyard1.jpg,9.99,7.99
8,variable,Divi Engine Tee,This comfortable cotton t-shirt that features the Divi Engine logo on the front is perfect for any occasion. The shirt is available in three colors.,"https://ajax-filters-bc.diviengine.com/sampledata/images/Shirt-3-yellow-front.jpg, https://ajax-filters-bc.diviengine.com/sampledata/images/Shirt-3-blue-front.jpg, https://ajax-filters-bc.diviengine.com/sampledata/images/Shirt-3-white-front.jpg",20,18
9,variation,"Divi Engine Tee - Blue, Large",0,https://ajax-filters-bc.diviengine.com/sampledata/images/Shirt-3-blue-front.jpg,14.99,13.491
10,variation,"Divi Engine Tee - White, Large",0,https://ajax-filters-bc.diviengine.com/sampledata/images/Shirt-3-white-front.jpg,14.99,13.491
11,variation,"Divi Engine Tee - Yellow, Large",0,https://ajax-filters-bc.diviengine.com/sampledata/images/Shirt-3-yellow-front.jpg,14.99,13.491
12,variation,"Divi Engine Tee - Blue, Medium",0,https://ajax-filters-bc.diviengine.com/sampledata/images/Shirt-3-blue-front.jpg,14.99,13.491
13,variation,"Divi Engine Tee - White, Medium",0,https://ajax-filters-bc.diviengine.com/sampledata/images/Shirt-3-white-front.jpg,14.99,13.491
14,variation,"Divi Engine Tee - Yellow, Medium",0,https://ajax-filters-bc.diviengine.com/sampledata/images/Shirt-3-yellow-front.jpg,14.99,13.491
15,variation,"Divi Engine Tee - Blue, Small",0,https://ajax-filters-bc.diviengine.com/sampledata/images/Shirt-3-blue-front.jpg,14.99,13.491
16,variation,"Divi Engine Tee - White, Small",0,https://ajax-filters-bc.diviengine.com/sampledata/images/Shirt-3-white-front.jpg,14.99,13.491
17,variation,"Divi Engine Tee - Yellow, Small",0,https://ajax-filters-bc.diviengine.com/sampledata/images/Shirt-3-yellow-front.jpg,14.99,13.491
18,variable,Divi Tee,This comfortable cotton t-shirt features the Divi logo on the front and back. It is the perfect tee for any occasion.,"https://ajax-filters-bc.diviengine.com/sampledata/images/Shirt-2---front.jpg, https://ajax-filters-bc.diviengine.com/sampledata/images/Shirt-2---back.jpg",20,18
19,variation,Divi Tee - Large,0,0,14.99,12.99
20,variation,Divi Tee - Medium,0,0,14.99,12.99
21,variation,Divi Tee - Small,0,0,14.99,12.99
22,variable,WordPress Tee,This comfortable cotton t-shirt features the WordPress logo on the front and back. It is the perfect tee for any occasion.,"https://ajax-filters-bc.diviengine.com/sampledata/images/Shirt-1---front.jpg, https://ajax-filters-bc.diviengine.com/sampledata/images/Shirt-1---back.jpg",20,18
23,variation,WordPress Tee - Large,0,0,14.99,12.99
24,variation,WordPress Tee - Medium,0,0,14.99,12.99
25,variation,WordPress Tee - Small,0,0,14.99,12.99
26,variable,Mens Divi Hoodie,"This Divi hoodie is a must have for any Divi fan. It is made from a soft, comfortable, and durable cotton blend. The hoodie is a perfect way to stay warm and show your Divi pride.",https://ajax-filters-bc.diviengine.com/sampledata/images/Hoodie-2.jpg,20,18
27,variation,Mens Divi Hoodie - Large,0,0,39.99,35.991
28,variation,Mens Divi Hoodie - Medium,0,0,34.99,31.491
29,variation,Mens Divi Hoodie - Small,0,0,34.99,31.491
30,variable,Dat Divi Engine Life Hoodie - Limited Edition,"This Divi Engine hoodie is a must have for any Divi Engine fan. It is made from a soft, comfortable, and durable cotton blend. The hoodie is a perfect way to stay warm and show your Divi Engine pride.",https://ajax-filters-bc.diviengine.com/sampledata/images/Hoodie-1.jpg,20,18
31,variation,Dat Divi Engine Life Hoodie - Limited Edition - Large,0,0,44.99,40.491
32,variation,Dat Divi Engine Life Hoodie - Limited Edition - Medium,0,0,44.99,40.491
33,variation,Dat Divi Engine Life Hoodie - Limited Edition - Small,0,0,44.99,40.491
34,variable,Mens WordPress Hoodie,"This WordPress hoodie is a must have for any WordPress fan. It is made from a soft, comfortable, and durable cotton blend. The hoodie is a perfect way to stay warm and show your WordPress pride.",https://ajax-filters-bc.diviengine.com/sampledata/images/Hoodie-3.jpg,20,18
35,variation,Mens WordPress Hoodie - Large,0,0,34.99,31.491
36,variation,Mens WordPress Hoodie - Medium,0,0,34.99,31.491
37,variation,Mens WordPress Hoodie - Small,0,0,34.99,31.491
38,variable,Divi Engine Logo Zipper Hoodie,"This Divi Engine hoodie is a must have for any Divi Engine fan. It is made from a soft, comfortable, and durable cotton blend. The hoodie is a perfect way to stay warm and show your Divi Engine pride.",https://ajax-filters-bc.diviengine.com/sampledata/images/Hoodie-Women-1.jpg,20,18
39,variation,Divi Engine Logo Zipper Hoodie - Large,0,0,29.99,26.991
40,variation,Divi Engine Logo Zipper Hoodie - Medium,0,0,29.99,26.991
41,variation,Divi Engine Logo Zipper Hoodie - Small,0,0,29.99,26.991
42,variable,Purple Divi Engine Text Zipper Hoodie,"This Divi Engine hoodie is a must have for any Divi Engine fan. It is made from a soft, comfortable, and durable cotton blend. The hoodie is a perfect way to stay warm and show your Divi Engine pride.",https://ajax-filters-bc.diviengine.com/sampledata/images/Hoodie-Women-2.jpg,20,18
43,variation,Purple Divi Engine Text Zipper Hoodie - Large,0,0,29.99,27.99
44,variation,Purple Divi Engine Text Zipper Hoodie - Medium,0,0,29.99,27.99
45,variation,Purple Divi Engine Text Zipper Hoodie - Small,0,0,29.99,27.99
46,variable,"WooCommerce ""Gimme the Money"" Zipper Hoodie","This WooCommerce hoodie is a must have for any WooCommerce fan. It is made from a soft, comfortable, and durable cotton blend. The hoodie is a perfect way to stay warm and show your WooCommerce pride.",https://ajax-filters-bc.diviengine.com/sampledata/images/Hoodie-Women-3.jpg,20,18
47,variation,"WooCommerce ""Gimme the Money"" Zipper Hoodie - Large",0,0,29.99,27.99
48,variation,"WooCommerce ""Gimme the Money"" Zipper Hoodie - Medium",0,0,29.99,27.99
49,variation,"WooCommerce ""Gimme the Money"" Zipper Hoodie - Small",0,0,29.99,27.99
50,variable,Divi Ninja Tee,This comfortable cotton t-shirt features the Divi logo on the front and expresses your Ninja status with the theme. It is the perfect tee for any occasion.,https://ajax-filters-bc.diviengine.com/sampledata/images/Divi-Ninja.jpg,20,18
51,variation,Divi Ninja Tee - Large,0,0,12.99,11.691
52,variation,Divi Ninja Tee - Medium,0,0,12.99,11.691
53,variation,Divi Ninja Tee - Small,0,0,12.99,11.691
54,variable,Divi Simplified Crop-top,This comfortable cotton crop-top features the Divi and Divi Engine logos on the front and back. It is the perfect tee for any occasion.,"https://ajax-filters-bc.diviengine.com/sampledata/images/divi-Simplified-croptop-white.jpg, https://ajax-filters-bc.diviengine.com/sampledata/images/divi-Simplified-croptop-blue.jpg, https://ajax-filters-bc.diviengine.com/sampledata/images/divi-Simplified-croptop-yellow.jpg",20,18
55,variable,Dat Divi Engine Life Crop-top (3-Tone),"This comfortable cotton crop-top features the Divi Engine logo on the front expressing how easy ""data Divi Engine life"" is. It is the perfect tee for any occasion.",https://ajax-filters-bc.diviengine.com/sampledata/images/Dat-Divi_Life.jpg,20,18
56,variation,Dat Divi Engine Life Crop-top (3-Tone) - Large,0,0,14.99,13.491
57,variation,Dat Divi Engine Life Crop-top (3-Tone) - Medium,0,0,12.99,11.691
58,variation,Dat Divi Engine Life Crop-top (3-Tone) - Small,0,0,12.99,11.691
59,variation,"Divi Simplified Crop-top - Large, Blue",0,https://ajax-filters-bc.diviengine.com/sampledata/images/divi-Simplified-croptop-blue.jpg,12.99,11.691
60,variation,"Divi Simplified Crop-top - Large, White",0,https://ajax-filters-bc.diviengine.com/sampledata/images/divi-Simplified-croptop-white.jpg,12.99,11.691
61,variation,"Divi Simplified Crop-top - Large, Yellow",0,https://ajax-filters-bc.diviengine.com/sampledata/images/divi-Simplified-croptop-yellow.jpg,12.99,11.691
62,variation,"Divi Simplified Crop-top - Medium, Blue",0,https://ajax-filters-bc.diviengine.com/sampledata/images/divi-Simplified-croptop-blue.jpg,12.99,11.691
63,variation,"Divi Simplified Crop-top - Medium, White",0,https://ajax-filters-bc.diviengine.com/sampledata/images/divi-Simplified-croptop-white.jpg,12.99,11.691
64,variation,"Divi Simplified Crop-top - Medium, Yellow",0,https://ajax-filters-bc.diviengine.com/sampledata/images/divi-Simplified-croptop-yellow.jpg,12.99,11.691
65,variation,"Divi Simplified Crop-top - Small, Blue",0,https://ajax-filters-bc.diviengine.com/sampledata/images/divi-Simplified-croptop-blue.jpg,12.99,11.691
66,variation,"Divi Simplified Crop-top - Small, White",0,https://ajax-filters-bc.diviengine.com/sampledata/images/divi-Simplified-croptop-white.jpg,12.99,11.691
67,variation,"Divi Simplified Crop-top - Small, Yellow",0,https://ajax-filters-bc.diviengine.com/sampledata/images/divi-Simplified-croptop-yellow.jpg,12.99,11.691
index,Type,Name,Short_description,Images,Price,Negotiate
0,simple,Divi Engine String Bag (Big Logo),This fashionable string bag is made of 100% cotton. It is the perfect size for carrying your everyday essentials.,"https://ajax-filters-bc.diviengine.com/sampledata/images/Bag1.jpg, https://ajax-filters-bc.diviengine.com/sampledata/images/Bag1-1.jpg, https://ajax-filters-bc.diviengine.com/sampledata/images/Bag1-2.jpg",19.99,17.991
1,simple,Divi Engine String Bag (Small Logos),This fashionable string bag is made of 100% cotton. It is the perfect size for carrying your everyday essentials.,"https://ajax-filters-bc.diviengine.com/sampledata/images/Bag2.jpg, https://ajax-filters-bc.diviengine.com/sampledata/images/Bag2-1.jpg, https://ajax-filters-bc.diviengine.com/sampledata/images/Bag2-2.jpg",19.99,17.991
2,variable,Brand Buttons,"Represent your favorite CMS, eCommerce Platform, Website Builder, or Plugin Company in style with a cool pin.",https://ajax-filters-bc.diviengine.com/sampledata/images/DE-Pins-4.jpg,20,18
3,variation,Brand Buttons - Divi,0,https://ajax-filters-bc.diviengine.com/sampledata/images/DE-Pins-1.jpg,9.99,8.991
4,variation,Brand Buttons - Divi Engine,0,https://ajax-filters-bc.diviengine.com/sampledata/images/DE-Pins-4.jpg,9.99,8.991
5,variation,Brand Buttons - WooCommerce,0,https://ajax-filters-bc.diviengine.com/sampledata/images/DE-Pins-2.jpg,9.99,8.991
6,variation,Brand Buttons - WordPress,0,https://ajax-filters-bc.diviengine.com/sampledata/images/DE-Pins-3.jpg,9.99,8.991
7,simple,Lanyard,Stop losing your important access keys with a lanyard that is ALMOST as reliable as Divi Engine plugins!,https://ajax-filters-bc.diviengine.com/sampledata/images/Lanyard1.jpg,9.99,7.99
8,variable,Divi Engine Tee,This comfortable cotton t-shirt that features the Divi Engine logo on the front is perfect for any occasion. The shirt is available in three colors.,"https://ajax-filters-bc.diviengine.com/sampledata/images/Shirt-3-yellow-front.jpg, https://ajax-filters-bc.diviengine.com/sampledata/images/Shirt-3-blue-front.jpg, https://ajax-filters-bc.diviengine.com/sampledata/images/Shirt-3-white-front.jpg",20,18
9,variation,"Divi Engine Tee - Blue, Large",0,https://ajax-filters-bc.diviengine.com/sampledata/images/Shirt-3-blue-front.jpg,14.99,13.491
10,variation,"Divi Engine Tee - White, Large",0,https://ajax-filters-bc.diviengine.com/sampledata/images/Shirt-3-white-front.jpg,14.99,13.491
11,variation,"Divi Engine Tee - Yellow, Large",0,https://ajax-filters-bc.diviengine.com/sampledata/images/Shirt-3-yellow-front.jpg,14.99,13.491
12,variation,"Divi Engine Tee - Blue, Medium",0,https://ajax-filters-bc.diviengine.com/sampledata/images/Shirt-3-blue-front.jpg,14.99,13.491
13,variation,"Divi Engine Tee - White, Medium",0,https://ajax-filters-bc.diviengine.com/sampledata/images/Shirt-3-white-front.jpg,14.99,13.491
14,variation,"Divi Engine Tee - Yellow, Medium",0,https://ajax-filters-bc.diviengine.com/sampledata/images/Shirt-3-yellow-front.jpg,14.99,13.491
15,variation,"Divi Engine Tee - Blue, Small",0,https://ajax-filters-bc.diviengine.com/sampledata/images/Shirt-3-blue-front.jpg,14.99,13.491
16,variation,"Divi Engine Tee - White, Small",0,https://ajax-filters-bc.diviengine.com/sampledata/images/Shirt-3-white-front.jpg,14.99,13.491
17,variation,"Divi Engine Tee - Yellow, Small",0,https://ajax-filters-bc.diviengine.com/sampledata/images/Shirt-3-yellow-front.jpg,14.99,13.491
18,variable,Divi Tee,This comfortable cotton t-shirt features the Divi logo on the front and back. It is the perfect tee for any occasion.,"https://ajax-filters-bc.diviengine.com/sampledata/images/Shirt-2---front.jpg, https://ajax-filters-bc.diviengine.com/sampledata/images/Shirt-2---back.jpg",20,18
19,variation,Divi Tee - Large,0,0,14.99,12.99
20,variation,Divi Tee - Medium,0,0,14.99,12.99
21,variation,Divi Tee - Small,0,0,14.99,12.99
22,variable,WordPress Tee,This comfortable cotton t-shirt features the WordPress logo on the front and back. It is the perfect tee for any occasion.,"https://ajax-filters-bc.diviengine.com/sampledata/images/Shirt-1---front.jpg, https://ajax-filters-bc.diviengine.com/sampledata/images/Shirt-1---back.jpg",20,18
23,variation,WordPress Tee - Large,0,0,14.99,12.99
24,variation,WordPress Tee - Medium,0,0,14.99,12.99
25,variation,WordPress Tee - Small,0,0,14.99,12.99
26,variable,Mens Divi Hoodie,"This Divi hoodie is a must have for any Divi fan. It is made from a soft, comfortable, and durable cotton blend. The hoodie is a perfect way to stay warm and show your Divi pride.",https://ajax-filters-bc.diviengine.com/sampledata/images/Hoodie-2.jpg,20,18
27,variation,Mens Divi Hoodie - Large,0,0,39.99,35.991
28,variation,Mens Divi Hoodie - Medium,0,0,34.99,31.491
29,variation,Mens Divi Hoodie - Small,0,0,34.99,31.491
30,variable,Dat Divi Engine Life Hoodie - Limited Edition,"This Divi Engine hoodie is a must have for any Divi Engine fan. It is made from a soft, comfortable, and durable cotton blend. The hoodie is a perfect way to stay warm and show your Divi Engine pride.",https://ajax-filters-bc.diviengine.com/sampledata/images/Hoodie-1.jpg,20,18
31,variation,Dat Divi Engine Life Hoodie - Limited Edition - Large,0,0,44.99,40.491
32,variation,Dat Divi Engine Life Hoodie - Limited Edition - Medium,0,0,44.99,40.491
33,variation,Dat Divi Engine Life Hoodie - Limited Edition - Small,0,0,44.99,40.491
34,variable,Mens WordPress Hoodie,"This WordPress hoodie is a must have for any WordPress fan. It is made from a soft, comfortable, and durable cotton blend. The hoodie is a perfect way to stay warm and show your WordPress pride.",https://ajax-filters-bc.diviengine.com/sampledata/images/Hoodie-3.jpg,20,18
35,variation,Mens WordPress Hoodie - Large,0,0,34.99,31.491
36,variation,Mens WordPress Hoodie - Medium,0,0,34.99,31.491
37,variation,Mens WordPress Hoodie - Small,0,0,34.99,31.491
38,variable,Divi Engine Logo Zipper Hoodie,"This Divi Engine hoodie is a must have for any Divi Engine fan. It is made from a soft, comfortable, and durable cotton blend. The hoodie is a perfect way to stay warm and show your Divi Engine pride.",https://ajax-filters-bc.diviengine.com/sampledata/images/Hoodie-Women-1.jpg,20,18
39,variation,Divi Engine Logo Zipper Hoodie - Large,0,0,29.99,26.991
40,variation,Divi Engine Logo Zipper Hoodie - Medium,0,0,29.99,26.991
41,variation,Divi Engine Logo Zipper Hoodie - Small,0,0,29.99,26.991
42,variable,Purple Divi Engine Text Zipper Hoodie,"This Divi Engine hoodie is a must have for any Divi Engine fan. It is made from a soft, comfortable, and durable cotton blend. The hoodie is a perfect way to stay warm and show your Divi Engine pride.",https://ajax-filters-bc.diviengine.com/sampledata/images/Hoodie-Women-2.jpg,20,18
43,variation,Purple Divi Engine Text Zipper Hoodie - Large,0,0,29.99,27.99
44,variation,Purple Divi Engine Text Zipper Hoodie - Medium,0,0,29.99,27.99
45,variation,Purple Divi Engine Text Zipper Hoodie - Small,0,0,29.99,27.99
46,variable,"WooCommerce ""Gimme the Money"" Zipper Hoodie","This WooCommerce hoodie is a must have for any WooCommerce fan. It is made from a soft, comfortable, and durable cotton blend. The hoodie is a perfect way to stay warm and show your WooCommerce pride.",https://ajax-filters-bc.diviengine.com/sampledata/images/Hoodie-Women-3.jpg,20,18
47,variation,"WooCommerce ""Gimme the Money"" Zipper Hoodie - Large",0,0,29.99,27.99
48,variation,"WooCommerce ""Gimme the Money"" Zipper Hoodie - Medium",0,0,29.99,27.99
49,variation,"WooCommerce ""Gimme the Money"" Zipper Hoodie - Small",0,0,29.99,27.99
50,variable,Divi Ninja Tee,This comfortable cotton t-shirt features the Divi logo on the front and expresses your Ninja status with the theme. It is the perfect tee for any occasion.,https://ajax-filters-bc.diviengine.com/sampledata/images/Divi-Ninja.jpg,20,18
51,variation,Divi Ninja Tee - Large,0,0,12.99,11.691
52,variation,Divi Ninja Tee - Medium,0,0,12.99,11.691
53,variation,Divi Ninja Tee - Small,0,0,12.99,11.691
54,variable,Divi Simplified Crop-top,This comfortable cotton crop-top features the Divi and Divi Engine logos on the front and back. It is the perfect tee for any occasion.,"https://ajax-filters-bc.diviengine.com/sampledata/images/divi-Simplified-croptop-white.jpg, https://ajax-filters-bc.diviengine.com/sampledata/images/divi-Simplified-croptop-blue.jpg, https://ajax-filters-bc.diviengine.com/sampledata/images/divi-Simplified-croptop-yellow.jpg",20,18
55,variable,Dat Divi Engine Life Crop-top (3-Tone),"This comfortable cotton crop-top features the Divi Engine logo on the front expressing how easy ""data Divi Engine life"" is. It is the perfect tee for any occasion.",https://ajax-filters-bc.diviengine.com/sampledata/images/Dat-Divi_Life.jpg,20,18
56,variation,Dat Divi Engine Life Crop-top (3-Tone) - Large,0,0,14.99,13.491
57,variation,Dat Divi Engine Life Crop-top (3-Tone) - Medium,0,0,12.99,11.691
58,variation,Dat Divi Engine Life Crop-top (3-Tone) - Small,0,0,12.99,11.691
59,variation,"Divi Simplified Crop-top - Large, Blue",0,https://ajax-filters-bc.diviengine.com/sampledata/images/divi-Simplified-croptop-blue.jpg,12.99,11.691
60,variation,"Divi Simplified Crop-top - Large, White",0,https://ajax-filters-bc.diviengine.com/sampledata/images/divi-Simplified-croptop-white.jpg,12.99,11.691
61,variation,"Divi Simplified Crop-top - Large, Yellow",0,https://ajax-filters-bc.diviengine.com/sampledata/images/divi-Simplified-croptop-yellow.jpg,12.99,11.691
62,variation,"Divi Simplified Crop-top - Medium, Blue",0,https://ajax-filters-bc.diviengine.com/sampledata/images/divi-Simplified-croptop-blue.jpg,12.99,11.691
63,variation,"Divi Simplified Crop-top - Medium, White",0,https://ajax-filters-bc.diviengine.com/sampledata/images/divi-Simplified-croptop-white.jpg,12.99,11.691
64,variation,"Divi Simplified Crop-top - Medium, Yellow",0,https://ajax-filters-bc.diviengine.com/sampledata/images/divi-Simplified-croptop-yellow.jpg,12.99,11.691
65,variation,"Divi Simplified Crop-top - Small, Blue",0,https://ajax-filters-bc.diviengine.com/sampledata/images/divi-Simplified-croptop-blue.jpg,12.99,11.691
66,variation,"Divi Simplified Crop-top - Small, White",0,https://ajax-filters-bc.diviengine.com/sampledata/images/divi-Simplified-croptop-white.jpg,12.99,11.691
67,variation,"Divi Simplified Crop-top - Small, Yellow",0,https://ajax-filters-bc.diviengine.com/sampledata/images/divi-Simplified-croptop-yellow.jpg,12.99,11.691
index,Type,Name,Short_description,Images,Price,Negotiate
0,simple,Divi Engine String Bag (Big Logo),This fashionable string bag is made of 100% cotton. It is the perfect size for carrying your everyday essentials.,"https://ajax-filters-bc.diviengine.com/sampledata/images/Bag1.jpg, https://ajax-filters-bc.diviengine.com/sampledata/images/Bag1-1.jpg, https://ajax-filters-bc.diviengine.com/sampledata/images/Bag1-2.jpg",19.99,17.991
1,simple,Divi Engine String Bag (Small Logos),This fashionable string bag is made of 100% cotton. It is the perfect size for carrying your everyday essentials.,"https://ajax-filters-bc.diviengine.com/sampledata/images/Bag2.jpg, https://ajax-filters-bc.diviengine.com/sampledata/images/Bag2-1.jpg, https://ajax-filters-bc.diviengine.com/sampledata/images/Bag2-2.jpg",19.99,17.991
2,variable,Brand Buttons,"Represent your favorite CMS, eCommerce Platform, Website Builder, or Plugin Company in style with a cool pin.",https://ajax-filters-bc.diviengine.com/sampledata/images/DE-Pins-4.jpg,20,18
3,variation,Brand Buttons - Divi,0,https://ajax-filters-bc.diviengine.com/sampledata/images/DE-Pins-1.jpg,9.99,8.991
4,variation,Brand Buttons - Divi Engine,0,https://ajax-filters-bc.diviengine.com/sampledata/images/DE-Pins-4.jpg,9.99,8.991
5,variation,Brand Buttons - WooCommerce,0,https://ajax-filters-bc.diviengine.com/sampledata/images/DE-Pins-2.jpg,9.99,8.991
6,variation,Brand Buttons - WordPress,0,https://ajax-filters-bc.diviengine.com/sampledata/images/DE-Pins-3.jpg,9.99,8.991
7,simple,Lanyard,Stop losing your important access keys with a lanyard that is ALMOST as reliable as Divi Engine plugins!,https://ajax-filters-bc.diviengine.com/sampledata/images/Lanyard1.jpg,9.99,7.99
8,variable,Divi Engine Tee,This comfortable cotton t-shirt that features the Divi Engine logo on the front is perfect for any occasion. The shirt is available in three colors.,"https://ajax-filters-bc.diviengine.com/sampledata/images/Shirt-3-yellow-front.jpg, https://ajax-filters-bc.diviengine.com/sampledata/images/Shirt-3-blue-front.jpg, https://ajax-filters-bc.diviengine.com/sampledata/images/Shirt-3-white-front.jpg",20,18
9,variation,"Divi Engine Tee - Blue, Large",0,https://ajax-filters-bc.diviengine.com/sampledata/images/Shirt-3-blue-front.jpg,14.99,13.491
10,variation,"Divi Engine Tee - White, Large",0,https://ajax-filters-bc.diviengine.com/sampledata/images/Shirt-3-white-front.jpg,14.99,13.491
11,variation,"Divi Engine Tee - Yellow, Large",0,https://ajax-filters-bc.diviengine.com/sampledata/images/Shirt-3-yellow-front.jpg,14.99,13.491
12,variation,"Divi Engine Tee - Blue, Medium",0,https://ajax-filters-bc.diviengine.com/sampledata/images/Shirt-3-blue-front.jpg,14.99,13.491
13,variation,"Divi Engine Tee - White, Medium",0,https://ajax-filters-bc.diviengine.com/sampledata/images/Shirt-3-white-front.jpg,14.99,13.491
14,variation,"Divi Engine Tee - Yellow, Medium",0,https://ajax-filters-bc.diviengine.com/sampledata/images/Shirt-3-yellow-front.jpg,14.99,13.491
15,variation,"Divi Engine Tee - Blue, Small",0,https://ajax-filters-bc.diviengine.com/sampledata/images/Shirt-3-blue-front.jpg,14.99,13.491
16,variation,"Divi Engine Tee - White, Small",0,https://ajax-filters-bc.diviengine.com/sampledata/images/Shirt-3-white-front.jpg,14.99,13.491
17,variation,"Divi Engine Tee - Yellow, Small",0,https://ajax-filters-bc.diviengine.com/sampledata/images/Shirt-3-yellow-front.jpg,14.99,13.491
18,variable,Divi Tee,This comfortable cotton t-shirt features the Divi logo on the front and back. It is the perfect tee for any occasion.,"https://ajax-filters-bc.diviengine.com/sampledata/images/Shirt-2---front.jpg, https://ajax-filters-bc.diviengine.com/sampledata/images/Shirt-2---back.jpg",20,18
19,variation,Divi Tee - Large,0,0,14.99,12.99
20,variation,Divi Tee - Medium,0,0,14.99,12.99
21,variation,Divi Tee - Small,0,0,14.99,12.99
22,variable,WordPress Tee,This comfortable cotton t-shirt features the WordPress logo on the front and back. It is the perfect tee for any occasion.,"https://ajax-filters-bc.diviengine.com/sampledata/images/Shirt-1---front.jpg, https://ajax-filters-bc.diviengine.com/sampledata/images/Shirt-1---back.jpg",20,18
23,variation,WordPress Tee - Large,0,0,14.99,12.99
24,variation,WordPress Tee - Medium,0,0,14.99,12.99
25,variation,WordPress Tee - Small,0,0,14.99,12.99
26,variable,Mens Divi Hoodie,"This Divi hoodie is a must have for any Divi fan. It is made from a soft, comfortable, and durable cotton blend. The hoodie is a perfect way to stay warm and show your Divi pride.",https://ajax-filters-bc.diviengine.com/sampledata/images/Hoodie-2.jpg,20,18
27,variation,Mens Divi Hoodie - Large,0,0,39.99,35.991
28,variation,Mens Divi Hoodie - Medium,0,0,34.99,31.491
29,variation,Mens Divi Hoodie - Small,0,0,34.99,31.491
30,variable,Dat Divi Engine Life Hoodie - Limited Edition,"This Divi Engine hoodie is a must have for any Divi Engine fan. It is made from a soft, comfortable, and durable cotton blend. The hoodie is a perfect way to stay warm and show your Divi Engine pride.",https://ajax-filters-bc.diviengine.com/sampledata/images/Hoodie-1.jpg,20,18
31,variation,Dat Divi Engine Life Hoodie - Limited Edition - Large,0,0,44.99,40.491
32,variation,Dat Divi Engine Life Hoodie - Limited Edition - Medium,0,0,44.99,40.491
33,variation,Dat Divi Engine Life Hoodie - Limited Edition - Small,0,0,44.99,40.491
34,variable,Mens WordPress Hoodie,"This WordPress hoodie is a must have for any WordPress fan. It is made from a soft, comfortable, and durable cotton blend. The hoodie is a perfect way to stay warm and show your WordPress pride.",https://ajax-filters-bc.diviengine.com/sampledata/images/Hoodie-3.jpg,20,18
35,variation,Mens WordPress Hoodie - Large,0,0,34.99,31.491
36,variation,Mens WordPress Hoodie - Medium,0,0,34.99,31.491
37,variation,Mens WordPress Hoodie - Small,0,0,34.99,31.491
38,variable,Divi Engine Logo Zipper Hoodie,"This Divi Engine hoodie is a must have for any Divi Engine fan. It is made from a soft, comfortable, and durable cotton blend. The hoodie is a perfect way to stay warm and show your Divi Engine pride.",https://ajax-filters-bc.diviengine.com/sampledata/images/Hoodie-Women-1.jpg,20,18
39,variation,Divi Engine Logo Zipper Hoodie - Large,0,0,29.99,26.991
40,variation,Divi Engine Logo Zipper Hoodie - Medium,0,0,29.99,26.991
41,variation,Divi Engine Logo Zipper Hoodie - Small,0,0,29.99,26.991
42,variable,Purple Divi Engine Text Zipper Hoodie,"This Divi Engine hoodie is a must have for any Divi Engine fan. It is made from a soft, comfortable, and durable cotton blend. The hoodie is a perfect way to stay warm and show your Divi Engine pride.",https://ajax-filters-bc.diviengine.com/sampledata/images/Hoodie-Women-2.jpg,20,18
43,variation,Purple Divi Engine Text Zipper Hoodie - Large,0,0,29.99,27.99
44,variation,Purple Divi Engine Text Zipper Hoodie - Medium,0,0,29.99,27.99
45,variation,Purple Divi Engine Text Zipper Hoodie - Small,0,0,29.99,27.99
46,variable,"WooCommerce ""Gimme the Money"" Zipper Hoodie","This WooCommerce hoodie is a must have for any WooCommerce fan. It is made from a soft, comfortable, and durable cotton blend. The hoodie is a perfect way to stay warm and show your WooCommerce pride.",https://ajax-filters-bc.diviengine.com/sampledata/images/Hoodie-Women-3.jpg,20,18
47,variation,"WooCommerce ""Gimme the Money"" Zipper Hoodie - Large",0,0,29.99,27.99
48,variation,"WooCommerce ""Gimme the Money"" Zipper Hoodie - Medium",0,0,29.99,27.99
49,variation,"WooCommerce ""Gimme the Money"" Zipper Hoodie - Small",0,0,29.99,27.99
50,variable,Divi Ninja Tee,This comfortable cotton t-shirt features the Divi logo on the front and expresses your Ninja status with the theme. It is the perfect tee for any occasion.,https://ajax-filters-bc.diviengine.com/sampledata/images/Divi-Ninja.jpg,20,18
51,variation,Divi Ninja Tee - Large,0,0,12.99,11.691
52,variation,Divi Ninja Tee - Medium,0,0,12.99,11.691
53,variation,Divi Ninja Tee - Small,0,0,12.99,11.691
54,variable,Divi Simplified Crop-top,This comfortable cotton crop-top features the Divi and Divi Engine logos on the front and back. It is the perfect tee for any occasion.,"https://ajax-filters-bc.diviengine.com/sampledata/images/divi-Simplified-croptop-white.jpg, https://ajax-filters-bc.diviengine.com/sampledata/images/divi-Simplified-croptop-blue.jpg, https://ajax-filters-bc.diviengine.com/sampledata/images/divi-Simplified-croptop-yellow.jpg",20,18
55,variable,Dat Divi Engine Life Crop-top (3-Tone),"This comfortable cotton crop-top features the Divi Engine logo on the front expressing how easy ""data Divi Engine life"" is. It is the perfect tee for any occasion.",https://ajax-filters-bc.diviengine.com/sampledata/images/Dat-Divi_Life.jpg,20,18
56,variation,Dat Divi Engine Life Crop-top (3-Tone) - Large,0,0,14.99,13.491
57,variation,Dat Divi Engine Life Crop-top (3-Tone) - Medium,0,0,12.99,11.691
58,variation,Dat Divi Engine Life Crop-top (3-Tone) - Small,0,0,12.99,11.691
59,variation,"Divi Simplified Crop-top - Large, Blue",0,https://ajax-filters-bc.diviengine.com/sampledata/images/divi-Simplified-croptop-blue.jpg,12.99,11.691
60,variation,"Divi Simplified Crop-top - Large, White",0,https://ajax-filters-bc.diviengine.com/sampledata/images/divi-Simplified-croptop-white.jpg,12.99,11.691
61,variation,"Divi Simplified Crop-top - Large, Yellow",0,https://ajax-filters-bc.diviengine.com/sampledata/images/divi-Simplified-croptop-yellow.jpg,12.99,11.691
62,variation,"Divi Simplified Crop-top - Medium, Blue",0,https://ajax-filters-bc.diviengine.com/sampledata/images/divi-Simplified-croptop-blue.jpg,12.99,11.691
63,variation,"Divi Simplified Crop-top - Medium, White",0,https://ajax-filters-bc.diviengine.com/sampledata/images/divi-Simplified-croptop-white.jpg,12.99,11.691
64,variation,"Divi Simplified Crop-top - Medium, Yellow",0,https://ajax-filters-bc.diviengine.com/sampledata/images/divi-Simplified-croptop-yellow.jpg,12.99,11.691
65,variation,"Divi Simplified Crop-top - Small, Blue",0,https://ajax-filters-bc.diviengine.com/sampledata/images/divi-Simplified-croptop-blue.jpg,12.99,11.691
66,variation,"Divi Simplified Crop-top - Small, White",0,https://ajax-filters-bc.diviengine.com/sampledata/images/divi-Simplified-croptop-white.jpg,12.99,11.691
67,variation,"Divi Simplified Crop-top - Small, Yellow",0,https://ajax-filters-bc.diviengine.com/sampledata/images/divi-Simplified-croptop-yellow.jpg,12.99,11.691
index,Type,Name,Short_description,Images,Price,Negotiate
0,simple,Divi Engine String Bag (Big Logo),This fashionable string bag is made of 100% cotton. It is the perfect size for carrying your everyday essentials.,"https://ajax-filters-bc.diviengine.com/sampledata/images/Bag1.jpg, https://ajax-filters-bc.diviengine.com/sampledata/images/Bag1-1.jpg, https://ajax-filters-bc.diviengine.com/sampledata/images/Bag1-2.jpg",19.99,17.991
1,simple,Divi Engine String Bag (Small Logos),This fashionable string bag is made of 100% cotton. It is the perfect size for carrying your everyday essentials.,"https://ajax-filters-bc.diviengine.com/sampledata/images/Bag2.jpg, https://ajax-filters-bc.diviengine.com/sampledata/images/Bag2-1.jpg, https://ajax-filters-bc.diviengine.com/sampledata/images/Bag2-2.jpg",19.99,17.991
2,variable,Brand Buttons,"Represent your favorite CMS, eCommerce Platform, Website Builder, or Plugin Company in style with a cool pin.",https://ajax-filters-bc.diviengine.com/sampledata/images/DE-Pins-4.jpg,20,18
3,variation,Brand Buttons - Divi,0,https://ajax-filters-bc.diviengine.com/sampledata/images/DE-Pins-1.jpg,9.99,8.991
4,variation,Brand Buttons - Divi Engine,0,https://ajax-filters-bc.diviengine.com/sampledata/images/DE-Pins-4.jpg,9.99,8.991
5,variation,Brand Buttons - WooCommerce,0,https://ajax-filters-bc.diviengine.com/sampledata/images/DE-Pins-2.jpg,9.99,8.991
6,variation,Brand Buttons - WordPress,0,https://ajax-filters-bc.diviengine.com/sampledata/images/DE-Pins-3.jpg,9.99,8.991
7,simple,Lanyard,Stop losing your important access keys with a lanyard that is ALMOST as reliable as Divi Engine plugins!,https://ajax-filters-bc.diviengine.com/sampledata/images/Lanyard1.jpg,9.99,7.99
8,variable,Divi Engine Tee,This comfortable cotton t-shirt that features the Divi Engine logo on the front is perfect for any occasion. The shirt is available in three colors.,"https://ajax-filters-bc.diviengine.com/sampledata/images/Shirt-3-yellow-front.jpg, https://ajax-filters-bc.diviengine.com/sampledata/images/Shirt-3-blue-front.jpg, https://ajax-filters-bc.diviengine.com/sampledata/images/Shirt-3-white-front.jpg",20,18
9,variation,"Divi Engine Tee - Blue, Large",0,https://ajax-filters-bc.diviengine.com/sampledata/images/Shirt-3-blue-front.jpg,14.99,13.491
10,variation,"Divi Engine Tee - White, Large",0,https://ajax-filters-bc.diviengine.com/sampledata/images/Shirt-3-white-front.jpg,14.99,13.491
11,variation,"Divi Engine Tee - Yellow, Large",0,https://ajax-filters-bc.diviengine.com/sampledata/images/Shirt-3-yellow-front.jpg,14.99,13.491
12,variation,"Divi Engine Tee - Blue, Medium",0,https://ajax-filters-bc.diviengine.com/sampledata/images/Shirt-3-blue-front.jpg,14.99,13.491
13,variation,"Divi Engine Tee - White, Medium",0,https://ajax-filters-bc.diviengine.com/sampledata/images/Shirt-3-white-front.jpg,14.99,13.491
14,variation,"Divi Engine Tee - Yellow, Medium",0,https://ajax-filters-bc.diviengine.com/sampledata/images/Shirt-3-yellow-front.jpg,14.99,13.491
15,variation,"Divi Engine Tee - Blue, Small",0,https://ajax-filters-bc.diviengine.com/sampledata/images/Shirt-3-blue-front.jpg,14.99,13.491
16,variation,"Divi Engine Tee - White, Small",0,https://ajax-filters-bc.diviengine.com/sampledata/images/Shirt-3-white-front.jpg,14.99,13.491
17,variation,"Divi Engine Tee - Yellow, Small",0,https://ajax-filters-bc.diviengine.com/sampledata/images/Shirt-3-yellow-front.jpg,14.99,13.491
18,variable,Divi Tee,This comfortable cotton t-shirt features the Divi logo on the front and back. It is the perfect tee for any occasion.,"https://ajax-filters-bc.diviengine.com/sampledata/images/Shirt-2---front.jpg, https://ajax-filters-bc.diviengine.com/sampledata/images/Shirt-2---back.jpg",20,18
19,variation,Divi Tee - Large,0,0,14.99,12.99
20,variation,Divi Tee - Medium,0,0,14.99,12.99
21,variation,Divi Tee - Small,0,0,14.99,12.99
22,variable,WordPress Tee,This comfortable cotton t-shirt features the WordPress logo on the front and back. It is the perfect tee for any occasion.,"https://ajax-filters-bc.diviengine.com/sampledata/images/Shirt-1---front.jpg, https://ajax-filters-bc.diviengine.com/sampledata/images/Shirt-1---back.jpg",20,18
23,variation,WordPress Tee - Large,0,0,14.99,12.99
24,variation,WordPress Tee - Medium,0,0,14.99,12.99
25,variation,WordPress Tee - Small,0,0,14.99,12.99
26,variable,Mens Divi Hoodie,"This Divi hoodie is a must have for any Divi fan. It is made from a soft, comfortable, and durable cotton blend. The hoodie is a perfect way to stay warm and show your Divi pride.",https://ajax-filters-bc.diviengine.com/sampledata/images/Hoodie-2.jpg,20,18
27,variation,Mens Divi Hoodie - Large,0,0,39.99,35.991
28,variation,Mens Divi Hoodie - Medium,0,0,34.99,31.491
29,variation,Mens Divi Hoodie - Small,0,0,34.99,31.491
30,variable,Dat Divi Engine Life Hoodie - Limited Edition,"This Divi Engine hoodie is a must have for any Divi Engine fan. It is made from a soft, comfortable, and durable cotton blend. The hoodie is a perfect way to stay warm and show your Divi Engine pride.",https://ajax-filters-bc.diviengine.com/sampledata/images/Hoodie-1.jpg,20,18
31,variation,Dat Divi Engine Life Hoodie - Limited Edition - Large,0,0,44.99,40.491
32,variation,Dat Divi Engine Life Hoodie - Limited Edition - Medium,0,0,44.99,40.491
33,variation,Dat Divi Engine Life Hoodie - Limited Edition - Small,0,0,44.99,40.491
34,variable,Mens WordPress Hoodie,"This WordPress hoodie is a must have for any WordPress fan. It is made from a soft, comfortable, and durable cotton blend. The hoodie is a perfect way to stay warm and show your WordPress pride.",https://ajax-filters-bc.diviengine.com/sampledata/images/Hoodie-3.jpg,20,18
35,variation,Mens WordPress Hoodie - Large,0,0,34.99,31.491
36,variation,Mens WordPress Hoodie - Medium,0,0,34.99,31.491
37,variation,Mens WordPress Hoodie - Small,0,0,34.99,31.491
38,variable,Divi Engine Logo Zipper Hoodie,"This Divi Engine hoodie is a must have for any Divi Engine fan. It is made from a soft, comfortable, and durable cotton blend. The hoodie is a perfect way to stay warm and show your Divi Engine pride.",https://ajax-filters-bc.diviengine.com/sampledata/images/Hoodie-Women-1.jpg,20,18
39,variation,Divi Engine Logo Zipper Hoodie - Large,0,0,29.99,26.991
40,variation,Divi Engine Logo Zipper Hoodie - Medium,0,0,29.99,26.991
41,variation,Divi Engine Logo Zipper Hoodie - Small,0,0,29.99,26.991
42,variable,Purple Divi Engine Text Zipper Hoodie,"This Divi Engine hoodie is a must have for any Divi Engine fan. It is made from a soft, comfortable, and durable cotton blend. The hoodie is a perfect way to stay warm and show your Divi Engine pride.",https://ajax-filters-bc.diviengine.com/sampledata/images/Hoodie-Women-2.jpg,20,18
43,variation,Purple Divi Engine Text Zipper Hoodie - Large,0,0,29.99,27.99
44,variation,Purple Divi Engine Text Zipper Hoodie - Medium,0,0,29.99,27.99
45,variation,Purple Divi Engine Text Zipper Hoodie - Small,0,0,29.99,27.99
46,variable,"WooCommerce ""Gimme the Money"" Zipper Hoodie","This WooCommerce hoodie is a must have for any WooCommerce fan. It is made from a soft, comfortable, and durable cotton blend. The hoodie is a perfect way to stay warm and show your WooCommerce pride.",https://ajax-filters-bc.diviengine.com/sampledata/images/Hoodie-Women-3.jpg,20,18
47,variation,"WooCommerce ""Gimme the Money"" Zipper Hoodie - Large",0,0,29.99,27.99
48,variation,"WooCommerce ""Gimme the Money"" Zipper Hoodie - Medium",0,0,29.99,27.99
49,variation,"WooCommerce ""Gimme the Money"" Zipper Hoodie - Small",0,0,29.99,27.99
50,variable,Divi Ninja Tee,This comfortable cotton t-shirt features the Divi logo on the front and expresses your Ninja status with the theme. It is the perfect tee for any occasion.,https://ajax-filters-bc.diviengine.com/sampledata/images/Divi-Ninja.jpg,20,18
51,variation,Divi Ninja Tee - Large,0,0,12.99,11.691
52,variation,Divi Ninja Tee - Medium,0,0,12.99,11.691
53,variation,Divi Ninja Tee - Small,0,0,12.99,11.691
54,variable,Divi Simplified Crop-top,This comfortable cotton crop-top features the Divi and Divi Engine logos on the front and back. It is the perfect tee for any occasion.,"https://ajax-filters-bc.diviengine.com/sampledata/images/divi-Simplified-croptop-white.jpg, https://ajax-filters-bc.diviengine.com/sampledata/images/divi-Simplified-croptop-blue.jpg, https://ajax-filters-bc.diviengine.com/sampledata/images/divi-Simplified-croptop-yellow.jpg",20,18
55,variable,Dat Divi Engine Life Crop-top (3-Tone),"This comfortable cotton crop-top features the Divi Engine logo on the front expressing how easy ""data Divi Engine life"" is. It is the perfect tee for any occasion.",https://ajax-filters-bc.diviengine.com/sampledata/images/Dat-Divi_Life.jpg,20,18
56,variation,Dat Divi Engine Life Crop-top (3-Tone) - Large,0,0,14.99,13.491
57,variation,Dat Divi Engine Life Crop-top (3-Tone) - Medium,0,0,12.99,11.691
58,variation,Dat Divi Engine Life Crop-top (3-Tone) - Small,0,0,12.99,11.691
59,variation,"Divi Simplified Crop-top - Large, Blue",0,https://ajax-filters-bc.diviengine.com/sampledata/images/divi-Simplified-croptop-blue.jpg,12.99,11.691
60,variation,"Divi Simplified Crop-top - Large, White",0,https://ajax-filters-bc.diviengine.com/sampledata/images/divi-Simplified-croptop-white.jpg,12.99,11.691
61,variation,"Divi Simplified Crop-top - Large, Yellow",0,https://ajax-filters-bc.diviengine.com/sampledata/images/divi-Simplified-croptop-yellow.jpg,12.99,11.691
62,variation,"Divi Simplified Crop-top - Medium, Blue",0,https://ajax-filters-bc.diviengine.com/sampledata/images/divi-Simplified-croptop-blue.jpg,12.99,11.691
63,variation,"Divi Simplified Crop-top - Medium, White",0,https://ajax-filters-bc.diviengine.com/sampledata/images/divi-Simplified-croptop-white.jpg,12.99,11.691
64,variation,"Divi Simplified Crop-top - Medium, Yellow",0,https://ajax-filters-bc.diviengine.com/sampledata/images/divi-Simplified-croptop-yellow.jpg,12.99,11.691
65,variation,"Divi Simplified Crop-top - Small, Blue",0,https://ajax-filters-bc.diviengine.com/sampledata/images/divi-Simplified-croptop-blue.jpg,12.99,11.691
66,variation,"Divi Simplified Crop-top - Small, White",0,https://ajax-filters-bc.diviengine.com/sampledata/images/divi-Simplified-croptop-white.jpg,12.99,11.691
67,variation,"Divi Simplified Crop-top - Small, Yellow",0,https://ajax-filters-bc.diviengine.com/sampledata/images/divi-Simplified-croptop-yellow.jpg,12.99,11.691
index,Type,Name,Short_description,Images,Price,Negotiate
0,simple,Divi Engine String Bag (Big Logo),This fashionable string bag is made of 100% cotton. It is the perfect size for carrying your everyday essentials.,"https://ajax-filters-bc.diviengine.com/sampledata/images/Bag1.jpg, https://ajax-filters-bc.diviengine.com/sampledata/images/Bag1-1.jpg, https://ajax-filters-bc.diviengine.com/sampledata/images/Bag1-2.jpg",19.99,17.991
1,simple,Divi Engine String Bag (Small Logos),This fashionable string bag is made of 100% cotton. It is the perfect size for carrying your everyday essentials.,"https://ajax-filters-bc.diviengine.com/sampledata/images/Bag2.jpg, https://ajax-filters-bc.diviengine.com/sampledata/images/Bag2-1.jpg, https://ajax-filters-bc.diviengine.com/sampledata/images/Bag2-2.jpg",19.99,17.991
2,variable,Brand Buttons,"Represent your favorite CMS, eCommerce Platform, Website Builder, or Plugin Company in style with a cool pin.",https://ajax-filters-bc.diviengine.com/sampledata/images/DE-Pins-4.jpg,20,18
3,variation,Brand Buttons - Divi,0,https://ajax-filters-bc.diviengine.com/sampledata/images/DE-Pins-1.jpg,9.99,8.991
4,variation,Brand Buttons - Divi Engine,0,https://ajax-filters-bc.diviengine.com/sampledata/images/DE-Pins-4.jpg,9.99,8.991
5,variation,Brand Buttons - WooCommerce,0,https://ajax-filters-bc.diviengine.com/sampledata/images/DE-Pins-2.jpg,9.99,8.991
6,variation,Brand Buttons - WordPress,0,https://ajax-filters-bc.diviengine.com/sampledata/images/DE-Pins-3.jpg,9.99,8.991
7,simple,Lanyard,Stop losing your important access keys with a lanyard that is ALMOST as reliable as Divi Engine plugins!,https://ajax-filters-bc.diviengine.com/sampledata/images/Lanyard1.jpg,9.99,7.99
8,variable,Divi Engine Tee,This comfortable cotton t-shirt that features the Divi Engine logo on the front is perfect for any occasion. The shirt is available in three colors.,"https://ajax-filters-bc.diviengine.com/sampledata/images/Shirt-3-yellow-front.jpg, https://ajax-filters-bc.diviengine.com/sampledata/images/Shirt-3-blue-front.jpg, https://ajax-filters-bc.diviengine.com/sampledata/images/Shirt-3-white-front.jpg",20,18
9,variation,"Divi Engine Tee - Blue, Large",0,https://ajax-filters-bc.diviengine.com/sampledata/images/Shirt-3-blue-front.jpg,14.99,13.491
10,variation,"Divi Engine Tee - White, Large",0,https://ajax-filters-bc.diviengine.com/sampledata/images/Shirt-3-white-front.jpg,14.99,13.491
11,variation,"Divi Engine Tee - Yellow, Large",0,https://ajax-filters-bc.diviengine.com/sampledata/images/Shirt-3-yellow-front.jpg,14.99,13.491
12,variation,"Divi Engine Tee - Blue, Medium",0,https://ajax-filters-bc.diviengine.com/sampledata/images/Shirt-3-blue-front.jpg,14.99,13.491
13,variation,"Divi Engine Tee - White, Medium",0,https://ajax-filters-bc.diviengine.com/sampledata/images/Shirt-3-white-front.jpg,14.99,13.491
14,variation,"Divi Engine Tee - Yellow, Medium",0,https://ajax-filters-bc.diviengine.com/sampledata/images/Shirt-3-yellow-front.jpg,14.99,13.491
15,variation,"Divi Engine Tee - Blue, Small",0,https://ajax-filters-bc.diviengine.com/sampledata/images/Shirt-3-blue-front.jpg,14.99,13.491
16,variation,"Divi Engine Tee - White, Small",0,https://ajax-filters-bc.diviengine.com/sampledata/images/Shirt-3-white-front.jpg,14.99,13.491
17,variation,"Divi Engine Tee - Yellow, Small",0,https://ajax-filters-bc.diviengine.com/sampledata/images/Shirt-3-yellow-front.jpg,14.99,13.491
18,variable,Divi Tee,This comfortable cotton t-shirt features the Divi logo on the front and back. It is the perfect tee for any occasion.,"https://ajax-filters-bc.diviengine.com/sampledata/images/Shirt-2---front.jpg, https://ajax-filters-bc.diviengine.com/sampledata/images/Shirt-2---back.jpg",20,18
19,variation,Divi Tee - Large,0,0,14.99,12.99
20,variation,Divi Tee - Medium,0,0,14.99,12.99
21,variation,Divi Tee - Small,0,0,14.99,12.99
22,variable,WordPress Tee,This comfortable cotton t-shirt features the WordPress logo on the front and back. It is the perfect tee for any occasion.,"https://ajax-filters-bc.diviengine.com/sampledata/images/Shirt-1---front.jpg, https://ajax-filters-bc.diviengine.com/sampledata/images/Shirt-1---back.jpg",20,18
23,variation,WordPress Tee - Large,0,0,14.99,12.99
24,variation,WordPress Tee - Medium,0,0,14.99,12.99
25,variation,WordPress Tee - Small,0,0,14.99,12.99
26,variable,Mens Divi Hoodie,"This Divi hoodie is a must have for any Divi fan. It is made from a soft, comfortable, and durable cotton blend. The hoodie is a perfect way to stay warm and show your Divi pride.",https://ajax-filters-bc.diviengine.com/sampledata/images/Hoodie-2.jpg,20,18
27,variation,Mens Divi Hoodie - Large,0,0,39.99,35.991
28,variation,Mens Divi Hoodie - Medium,0,0,34.99,31.491
29,variation,Mens Divi Hoodie - Small,0,0,34.99,31.491
30,variable,Dat Divi Engine Life Hoodie - Limited Edition,"This Divi Engine hoodie is a must have for any Divi Engine fan. It is made from a soft, comfortable, and durable cotton blend. The hoodie is a perfect way to stay warm and show your Divi Engine pride.",https://ajax-filters-bc.diviengine.com/sampledata/images/Hoodie-1.jpg,20,18
31,variation,Dat Divi Engine Life Hoodie - Limited Edition - Large,0,0,44.99,40.491
32,variation,Dat Divi Engine Life Hoodie - Limited Edition - Medium,0,0,44.99,40.491
33,variation,Dat Divi Engine Life Hoodie - Limited Edition - Small,0,0,44.99,40.491
34,variable,Mens WordPress Hoodie,"This WordPress hoodie is a must have for any WordPress fan. It is made from a soft, comfortable, and durable cotton blend. The hoodie is a perfect way to stay warm and show your WordPress pride.",https://ajax-filters-bc.diviengine.com/sampledata/images/Hoodie-3.jpg,20,18
35,variation,Mens WordPress Hoodie - Large,0,0,34.99,31.491
36,variation,Mens WordPress Hoodie - Medium,0,0,34.99,31.491
37,variation,Mens WordPress Hoodie - Small,0,0,34.99,31.491
38,variable,Divi Engine Logo Zipper Hoodie,"This Divi Engine hoodie is a must have for any Divi Engine fan. It is made from a soft, comfortable, and durable cotton blend. The hoodie is a perfect way to stay warm and show your Divi Engine pride.",https://ajax-filters-bc.diviengine.com/sampledata/images/Hoodie-Women-1.jpg,20,18
39,variation,Divi Engine Logo Zipper Hoodie - Large,0,0,29.99,26.991
40,variation,Divi Engine Logo Zipper Hoodie - Medium,0,0,29.99,26.991
41,variation,Divi Engine Logo Zipper Hoodie - Small,0,0,29.99,26.991
42,variable,Purple Divi Engine Text Zipper Hoodie,"This Divi Engine hoodie is a must have for any Divi Engine fan. It is made from a soft, comfortable, and durable cotton blend. The hoodie is a perfect way to stay warm and show your Divi Engine pride.",https://ajax-filters-bc.diviengine.com/sampledata/images/Hoodie-Women-2.jpg,20,18
43,variation,Purple Divi Engine Text Zipper Hoodie - Large,0,0,29.99,27.99
44,variation,Purple Divi Engine Text Zipper Hoodie - Medium,0,0,29.99,27.99
45,variation,Purple Divi Engine Text Zipper Hoodie - Small,0,0,29.99,27.99
46,variable,"WooCommerce ""Gimme the Money"" Zipper Hoodie","This WooCommerce hoodie is a must have for any WooCommerce fan. It is made from a soft, comfortable, and durable cotton blend. The hoodie is a perfect way to stay warm and show your WooCommerce pride.",https://ajax-filters-bc.diviengine.com/sampledata/images/Hoodie-Women-3.jpg,20,18
47,variation,"WooCommerce ""Gimme the Money"" Zipper Hoodie - Large",0,0,29.99,27.99
48,variation,"WooCommerce ""Gimme the Money"" Zipper Hoodie - Medium",0,0,29.99,27.99
49,variation,"WooCommerce ""Gimme the Money"" Zipper Hoodie - Small",0,0,29.99,27.99
50,variable,Divi Ninja Tee,This comfortable cotton t-shirt features the Divi logo on the front and expresses your Ninja status with the theme. It is the perfect tee for any occasion.,https://ajax-filters-bc.diviengine.com/sampledata/images/Divi-Ninja.jpg,20,18
51,variation,Divi Ninja Tee - Large,0,0,12.99,11.691
52,variation,Divi Ninja Tee - Medium,0,0,12.99,11.691
53,variation,Divi Ninja Tee - Small,0,0,12.99,11.691
54,variable,Divi Simplified Crop-top,This comfortable cotton crop-top features the Divi and Divi Engine logos on the front and back. It is the perfect tee for any occasion.,"https://ajax-filters-bc.diviengine.com/sampledata/images/divi-Simplified-croptop-white.jpg, https://ajax-filters-bc.diviengine.com/sampledata/images/divi-Simplified-croptop-blue.jpg, https://ajax-filters-bc.diviengine.com/sampledata/images/divi-Simplified-croptop-yellow.jpg",20,18
55,variable,Dat Divi Engine Life Crop-top (3-Tone),"This comfortable cotton crop-top features the Divi Engine logo on the front expressing how easy ""data Divi Engine life"" is. It is the perfect tee for any occasion.",https://ajax-filters-bc.diviengine.com/sampledata/images/Dat-Divi_Life.jpg,20,18
56,variation,Dat Divi Engine Life Crop-top (3-Tone) - Large,0,0,14.99,13.491
57,variation,Dat Divi Engine Life Crop-top (3-Tone) - Medium,0,0,12.99,11.691
58,variation,Dat Divi Engine Life Crop-top (3-Tone) - Small,0,0,12.99,11.691
59,variation,"Divi Simplified Crop-top - Large, Blue",0,https://ajax-filters-bc.diviengine.com/sampledata/images/divi-Simplified-croptop-blue.jpg,12.99,11.691
60,variation,"Divi Simplified Crop-top - Large, White",0,https://ajax-filters-bc.diviengine.com/sampledata/images/divi-Simplified-croptop-white.jpg,12.99,11.691
61,variation,"Divi Simplified Crop-top - Large, Yellow",0,https://ajax-filters-bc.diviengine.com/sampledata/images/divi-Simplified-croptop-yellow.jpg,12.99,11.691
62,variation,"Divi Simplified Crop-top - Medium, Blue",0,https://ajax-filters-bc.diviengine.com/sampledata/images/divi-Simplified-croptop-blue.jpg,12.99,11.691
63,variation,"Divi Simplified Crop-top - Medium, White",0,https://ajax-filters-bc.diviengine.com/sampledata/images/divi-Simplified-croptop-white.jpg,12.99,11.691
64,variation,"Divi Simplified Crop-top - Medium, Yellow",0,https://ajax-filters-bc.diviengine.com/sampledata/images/divi-Simplified-croptop-yellow.jpg,12.99,11.691
65,variation,"Divi Simplified Crop-top - Small, Blue",0,https://ajax-filters-bc.diviengine.com/sampledata/images/divi-Simplified-croptop-blue.jpg,12.99,11.691
66,variation,"Divi Simplified Crop-top - Small, White",0,https://ajax-filters-bc.diviengine.com/sampledata/images/divi-Simplified-croptop-white.jpg,12.99,11.691
67,variation,"Divi Simplified Crop-top - Small, Yellow",0,https://ajax-filters-bc.diviengine.com/sampledata/images/divi-Simplified-croptop-yellow.jpg,12.99,11.691
index,Type,Name,Short_description,Images,Price,Negotiate
0,simple,Divi Engine String Bag (Big Logo),This fashionable string bag is made of 100% cotton. It is the perfect size for carrying your everyday essentials.,"https://ajax-filters-bc.diviengine.com/sampledata/images/Bag1.jpg, https://ajax-filters-bc.diviengine.com/sampledata/images/Bag1-1.jpg, https://ajax-filters-bc.diviengine.com/sampledata/images/Bag1-2.jpg",19.99,17.991
1,simple,Divi Engine String Bag (Small Logos),This fashionable string bag is made of 100% cotton. It is the perfect size for carrying your everyday essentials.,"https://ajax-filters-bc.diviengine.com/sampledata/images/Bag2.jpg, https://ajax-filters-bc.diviengine.com/sampledata/images/Bag2-1.jpg, https://ajax-filters-bc.diviengine.com/sampledata/images/Bag2-2.jpg",19.99,17.991
2,variable,Brand Buttons,"Represent your favorite CMS, eCommerce Platform, Website Builder, or Plugin Company in style with a cool pin.",https://ajax-filters-bc.diviengine.com/sampledata/images/DE-Pins-4.jpg,20,18
3,variation,Brand Buttons - Divi,0,https://ajax-filters-bc.diviengine.com/sampledata/images/DE-Pins-1.jpg,9.99,8.991
4,variation,Brand Buttons - Divi Engine,0,https://ajax-filters-bc.diviengine.com/sampledata/images/DE-Pins-4.jpg,9.99,8.991
5,variation,Brand Buttons - WooCommerce,0,https://ajax-filters-bc.diviengine.com/sampledata/images/DE-Pins-2.jpg,9.99,8.991
6,variation,Brand Buttons - WordPress,0,https://ajax-filters-bc.diviengine.com/sampledata/images/DE-Pins-3.jpg,9.99,8.991
7,simple,Lanyard,Stop losing your important access keys with a lanyard that is ALMOST as reliable as Divi Engine plugins!,https://ajax-filters-bc.diviengine.com/sampledata/images/Lanyard1.jpg,9.99,7.99
8,variable,Divi Engine Tee,This comfortable cotton t-shirt that features the Divi Engine logo on the front is perfect for any occasion. The shirt is available in three colors.,"https://ajax-filters-bc.diviengine.com/sampledata/images/Shirt-3-yellow-front.jpg, https://ajax-filters-bc.diviengine.com/sampledata/images/Shirt-3-blue-front.jpg, https://ajax-filters-bc.diviengine.com/sampledata/images/Shirt-3-white-front.jpg",20,18
9,variation,"Divi Engine Tee - Blue, Large",0,https://ajax-filters-bc.diviengine.com/sampledata/images/Shirt-3-blue-front.jpg,14.99,13.491
10,variation,"Divi Engine Tee - White, Large",0,https://ajax-filters-bc.diviengine.com/sampledata/images/Shirt-3-white-front.jpg,14.99,13.491
11,variation,"Divi Engine Tee - Yellow, Large",0,https://ajax-filters-bc.diviengine.com/sampledata/images/Shirt-3-yellow-front.jpg,14.99,13.491
12,variation,"Divi Engine Tee - Blue, Medium",0,https://ajax-filters-bc.diviengine.com/sampledata/images/Shirt-3-blue-front.jpg,14.99,13.491
13,variation,"Divi Engine Tee - White, Medium",0,https://ajax-filters-bc.diviengine.com/sampledata/images/Shirt-3-white-front.jpg,14.99,13.491
14,variation,"Divi Engine Tee - Yellow, Medium",0,https://ajax-filters-bc.diviengine.com/sampledata/images/Shirt-3-yellow-front.jpg,14.99,13.491
15,variation,"Divi Engine Tee - Blue, Small",0,https://ajax-filters-bc.diviengine.com/sampledata/images/Shirt-3-blue-front.jpg,14.99,13.491
16,variation,"Divi Engine Tee - White, Small",0,https://ajax-filters-bc.diviengine.com/sampledata/images/Shirt-3-white-front.jpg,14.99,13.491
17,variation,"Divi Engine Tee - Yellow, Small",0,https://ajax-filters-bc.diviengine.com/sampledata/images/Shirt-3-yellow-front.jpg,14.99,13.491
18,variable,Divi Tee,This comfortable cotton t-shirt features the Divi logo on the front and back. It is the perfect tee for any occasion.,"https://ajax-filters-bc.diviengine.com/sampledata/images/Shirt-2---front.jpg, https://ajax-filters-bc.diviengine.com/sampledata/images/Shirt-2---back.jpg",20,18
19,variation,Divi Tee - Large,0,0,14.99,12.99
20,variation,Divi Tee - Medium,0,0,14.99,12.99
21,variation,Divi Tee - Small,0,0,14.99,12.99
22,variable,WordPress Tee,This comfortable cotton t-shirt features the WordPress logo on the front and back. It is the perfect tee for any occasion.,"https://ajax-filters-bc.diviengine.com/sampledata/images/Shirt-1---front.jpg, https://ajax-filters-bc.diviengine.com/sampledata/images/Shirt-1---back.jpg",20,18
23,variation,WordPress Tee - Large,0,0,14.99,12.99
24,variation,WordPress Tee - Medium,0,0,14.99,12.99
25,variation,WordPress Tee - Small,0,0,14.99,12.99
26,variable,Mens Divi Hoodie,"This Divi hoodie is a must have for any Divi fan. It is made from a soft, comfortable, and durable cotton blend. The hoodie is a perfect way to stay warm and show your Divi pride.",https://ajax-filters-bc.diviengine.com/sampledata/images/Hoodie-2.jpg,20,18
27,variation,Mens Divi Hoodie - Large,0,0,39.99,35.991
28,variation,Mens Divi Hoodie - Medium,0,0,34.99,31.491
29,variation,Mens Divi Hoodie - Small,0,0,34.99,31.491
30,variable,Dat Divi Engine Life Hoodie - Limited Edition,"This Divi Engine hoodie is a must have for any Divi Engine fan. It is made from a soft, comfortable, and durable cotton blend. The hoodie is a perfect way to stay warm and show your Divi Engine pride.",https://ajax-filters-bc.diviengine.com/sampledata/images/Hoodie-1.jpg,20,18
31,variation,Dat Divi Engine Life Hoodie - Limited Edition - Large,0,0,44.99,40.491
32,variation,Dat Divi Engine Life Hoodie - Limited Edition - Medium,0,0,44.99,40.491
33,variation,Dat Divi Engine Life Hoodie - Limited Edition - Small,0,0,44.99,40.491
34,variable,Mens WordPress Hoodie,"This WordPress hoodie is a must have for any WordPress fan. It is made from a soft, comfortable, and durable cotton blend. The hoodie is a perfect way to stay warm and show your WordPress pride.",https://ajax-filters-bc.diviengine.com/sampledata/images/Hoodie-3.jpg,20,18
35,variation,Mens WordPress Hoodie - Large,0,0,34.99,31.491
36,variation,Mens WordPress Hoodie - Medium,0,0,34.99,31.491
37,variation,Mens WordPress Hoodie - Small,0,0,34.99,31.491
38,variable,Divi Engine Logo Zipper Hoodie,"This Divi Engine hoodie is a must have for any Divi Engine fan. It is made from a soft, comfortable, and durable cotton blend. The hoodie is a perfect way to stay warm and show your Divi Engine pride.",https://ajax-filters-bc.diviengine.com/sampledata/images/Hoodie-Women-1.jpg,20,18
39,variation,Divi Engine Logo Zipper Hoodie - Large,0,0,29.99,26.991
40,variation,Divi Engine Logo Zipper Hoodie - Medium,0,0,29.99,26.991
41,variation,Divi Engine Logo Zipper Hoodie - Small,0,0,29.99,26.991
42,variable,Purple Divi Engine Text Zipper Hoodie,"This Divi Engine hoodie is a must have for any Divi Engine fan. It is made from a soft, comfortable, and durable cotton blend. The hoodie is a perfect way to stay warm and show your Divi Engine pride.",https://ajax-filters-bc.diviengine.com/sampledata/images/Hoodie-Women-2.jpg,20,18
43,variation,Purple Divi Engine Text Zipper Hoodie - Large,0,0,29.99,27.99
44,variation,Purple Divi Engine Text Zipper Hoodie - Medium,0,0,29.99,27.99
45,variation,Purple Divi Engine Text Zipper Hoodie - Small,0,0,29.99,27.99
46,variable,"WooCommerce ""Gimme the Money"" Zipper Hoodie","This WooCommerce hoodie is a must have for any WooCommerce fan. It is made from a soft, comfortable, and durable cotton blend. The hoodie is a perfect way to stay warm and show your WooCommerce pride.",https://ajax-filters-bc.diviengine.com/sampledata/images/Hoodie-Women-3.jpg,20,18
47,variation,"WooCommerce ""Gimme the Money"" Zipper Hoodie - Large",0,0,29.99,27.99
48,variation,"WooCommerce ""Gimme the Money"" Zipper Hoodie - Medium",0,0,29.99,27.99
49,variation,"WooCommerce ""Gimme the Money"" Zipper Hoodie - Small",0,0,29.99,27.99
50,variable,Divi Ninja Tee,This comfortable cotton t-shirt features the Divi logo on the front and expresses your Ninja status with the theme. It is the perfect tee for any occasion.,https://ajax-filters-bc.diviengine.com/sampledata/images/Divi-Ninja.jpg,20,18
51,variation,Divi Ninja Tee - Large,0,0,12.99,11.691
52,variation,Divi Ninja Tee - Medium,0,0,12.99,11.691
53,variation,Divi Ninja Tee - Small,0,0,12.99,11.691
54,variable,Divi Simplified Crop-top,This comfortable cotton crop-top features the Divi and Divi Engine logos on the front and back. It is the perfect tee for any occasion.,"https://ajax-filters-bc.diviengine.com/sampledata/images/divi-Simplified-croptop-white.jpg, https://ajax-filters-bc.diviengine.com/sampledata/images/divi-Simplified-croptop-blue.jpg, https://ajax-filters-bc.diviengine.com/sampledata/images/divi-Simplified-croptop-yellow.jpg",20,18
55,variable,Dat Divi Engine Life Crop-top (3-Tone),"This comfortable cotton crop-top features the Divi Engine logo on the front expressing how easy ""data Divi Engine life"" is. It is the perfect tee for any occasion.",https://ajax-filters-bc.diviengine.com/sampledata/images/Dat-Divi_Life.jpg,20,18
56,variation,Dat Divi Engine Life Crop-top (3-Tone) - Large,0,0,14.99,13.491
57,variation,Dat Divi Engine Life Crop-top (3-Tone) - Medium,0,0,12.99,11.691
58,variation,Dat Divi Engine Life Crop-top (3-Tone) - Small,0,0,12.99,11.691
59,variation,"Divi Simplified Crop-top - Large, Blue",0,https://ajax-filters-bc.diviengine.com/sampledata/images/divi-Simplified-croptop-blue.jpg,12.99,11.691
60,variation,"Divi Simplified Crop-top - Large, White",0,https://ajax-filters-bc.diviengine.com/sampledata/images/divi-Simplified-croptop-white.jpg,12.99,11.691
61,variation,"Divi Simplified Crop-top - Large, Yellow",0,https://ajax-filters-bc.diviengine.com/sampledata/images/divi-Simplified-croptop-yellow.jpg,12.99,11.691
62,variation,"Divi Simplified Crop-top - Medium, Blue",0,https://ajax-filters-bc.diviengine.com/sampledata/images/divi-Simplified-croptop-blue.jpg,12.99,11.691
63,variation,"Divi Simplified Crop-top - Medium, White",0,https://ajax-filters-bc.diviengine.com/sampledata/images/divi-Simplified-croptop-white.jpg,12.99,11.691
64,variation,"Divi Simplified Crop-top - Medium, Yellow",0,https://ajax-filters-bc.diviengine.com/sampledata/images/divi-Simplified-croptop-yellow.jpg,12.99,11.691
65,variation,"Divi Simplified Crop-top - Small, Blue",0,https://ajax-filters-bc.diviengine.com/sampledata/images/divi-Simplified-croptop-blue.jpg,12.99,11.691
66,variation,"Divi Simplified Crop-top - Small, White",0,https://ajax-filters-bc.diviengine.com/sampledata/images/divi-Simplified-croptop-white.jpg,12.99,11.691
67,variation,"Divi Simplified Crop-top - Small, Yellow",0,https://ajax-filters-bc.diviengine.com/sampledata/images/divi-Simplified-croptop-yellow.jpg,12.99,11.691
index,Type,Name,Short_description,Images,Price,Negotiate
0,simple,Divi Engine String Bag (Big Logo),This fashionable string bag is made of 100% cotton. It is the perfect size for carrying your everyday essentials.,"https://ajax-filters-bc.diviengine.com/sampledata/images/Bag1.jpg, https://ajax-filters-bc.diviengine.com/sampledata/images/Bag1-1.jpg, https://ajax-filters-bc.diviengine.com/sampledata/images/Bag1-2.jpg",19.99,17.991
1,simple,Divi Engine String Bag (Small Logos),This fashionable string bag is made of 100% cotton. It is the perfect size for carrying your everyday essentials.,"https://ajax-filters-bc.diviengine.com/sampledata/images/Bag2.jpg, https://ajax-filters-bc.diviengine.com/sampledata/images/Bag2-1.jpg, https://ajax-filters-bc.diviengine.com/sampledata/images/Bag2-2.jpg",19.99,17.991
2,variable,Brand Buttons,"Represent your favorite CMS, eCommerce Platform, Website Builder, or Plugin Company in style with a cool pin.",https://ajax-filters-bc.diviengine.com/sampledata/images/DE-Pins-4.jpg,20,18
3,variation,Brand Buttons - Divi,0,https://ajax-filters-bc.diviengine.com/sampledata/images/DE-Pins-1.jpg,9.99,8.991
4,variation,Brand Buttons - Divi Engine,0,https://ajax-filters-bc.diviengine.com/sampledata/images/DE-Pins-4.jpg,9.99,8.991
5,variation,Brand Buttons - WooCommerce,0,https://ajax-filters-bc.diviengine.com/sampledata/images/DE-Pins-2.jpg,9.99,8.991
6,variation,Brand Buttons - WordPress,0,https://ajax-filters-bc.diviengine.com/sampledata/images/DE-Pins-3.jpg,9.99,8.991
7,simple,Lanyard,Stop losing your important access keys with a lanyard that is ALMOST as reliable as Divi Engine plugins!,https://ajax-filters-bc.diviengine.com/sampledata/images/Lanyard1.jpg,9.99,7.99
8,variable,Divi Engine Tee,This comfortable cotton t-shirt that features the Divi Engine logo on the front is perfect for any occasion. The shirt is available in three colors.,"https://ajax-filters-bc.diviengine.com/sampledata/images/Shirt-3-yellow-front.jpg, https://ajax-filters-bc.diviengine.com/sampledata/images/Shirt-3-blue-front.jpg, https://ajax-filters-bc.diviengine.com/sampledata/images/Shirt-3-white-front.jpg",20,18
9,variation,"Divi Engine Tee - Blue, Large",0,https://ajax-filters-bc.diviengine.com/sampledata/images/Shirt-3-blue-front.jpg,14.99,13.491
10,variation,"Divi Engine Tee - White, Large",0,https://ajax-filters-bc.diviengine.com/sampledata/images/Shirt-3-white-front.jpg,14.99,13.491
11,variation,"Divi Engine Tee - Yellow, Large",0,https://ajax-filters-bc.diviengine.com/sampledata/images/Shirt-3-yellow-front.jpg,14.99,13.491
12,variation,"Divi Engine Tee - Blue, Medium",0,https://ajax-filters-bc.diviengine.com/sampledata/images/Shirt-3-blue-front.jpg,14.99,13.491
13,variation,"Divi Engine Tee - White, Medium",0,https://ajax-filters-bc.diviengine.com/sampledata/images/Shirt-3-white-front.jpg,14.99,13.491
14,variation,"Divi Engine Tee - Yellow, Medium",0,https://ajax-filters-bc.diviengine.com/sampledata/images/Shirt-3-yellow-front.jpg,14.99,13.491
15,variation,"Divi Engine Tee - Blue, Small",0,https://ajax-filters-bc.diviengine.com/sampledata/images/Shirt-3-blue-front.jpg,14.99,13.491
16,variation,"Divi Engine Tee - White, Small",0,https://ajax-filters-bc.diviengine.com/sampledata/images/Shirt-3-white-front.jpg,14.99,13.491
17,variation,"Divi Engine Tee - Yellow, Small",0,https://ajax-filters-bc.diviengine.com/sampledata/images/Shirt-3-yellow-front.jpg,14.99,13.491
18,variable,Divi Tee,This comfortable cotton t-shirt features the Divi logo on the front and back. It is the perfect tee for any occasion.,"https://ajax-filters-bc.diviengine.com/sampledata/images/Shirt-2---front.jpg, https://ajax-filters-bc.diviengine.com/sampledata/images/Shirt-2---back.jpg",20,18
19,variation,Divi Tee - Large,0,0,14.99,12.99
20,variation,Divi Tee - Medium,0,0,14.99,12.99
21,variation,Divi Tee - Small,0,0,14.99,12.99
22,variable,WordPress Tee,This comfortable cotton t-shirt features the WordPress logo on the front and back. It is the perfect tee for any occasion.,"https://ajax-filters-bc.diviengine.com/sampledata/images/Shirt-1---front.jpg, https://ajax-filters-bc.diviengine.com/sampledata/images/Shirt-1---back.jpg",20,18
23,variation,WordPress Tee - Large,0,0,14.99,12.99
24,variation,WordPress Tee - Medium,0,0,14.99,12.99
25,variation,WordPress Tee - Small,0,0,14.99,12.99
26,variable,Mens Divi Hoodie,"This Divi hoodie is a must have for any Divi fan. It is made from a soft, comfortable, and durable cotton blend. The hoodie is a perfect way to stay warm and show your Divi pride.",https://ajax-filters-bc.diviengine.com/sampledata/images/Hoodie-2.jpg,20,18
27,variation,Mens Divi Hoodie - Large,0,0,39.99,35.991
28,variation,Mens Divi Hoodie - Medium,0,0,34.99,31.491
29,variation,Mens Divi Hoodie - Small,0,0,34.99,31.491
30,variable,Dat Divi Engine Life Hoodie - Limited Edition,"This Divi Engine hoodie is a must have for any Divi Engine fan. It is made from a soft, comfortable, and durable cotton blend. The hoodie is a perfect way to stay warm and show your Divi Engine pride.",https://ajax-filters-bc.diviengine.com/sampledata/images/Hoodie-1.jpg,20,18
31,variation,Dat Divi Engine Life Hoodie - Limited Edition - Large,0,0,44.99,40.491
32,variation,Dat Divi Engine Life Hoodie - Limited Edition - Medium,0,0,44.99,40.491
33,variation,Dat Divi Engine Life Hoodie - Limited Edition - Small,0,0,44.99,40.491
34,variable,Mens WordPress Hoodie,"This WordPress hoodie is a must have for any WordPress fan. It is made from a soft, comfortable, and durable cotton blend. The hoodie is a perfect way to stay warm and show your WordPress pride.",https://ajax-filters-bc.diviengine.com/sampledata/images/Hoodie-3.jpg,20,18
35,variation,Mens WordPress Hoodie - Large,0,0,34.99,31.491
36,variation,Mens WordPress Hoodie - Medium,0,0,34.99,31.491
37,variation,Mens WordPress Hoodie - Small,0,0,34.99,31.491
38,variable,Divi Engine Logo Zipper Hoodie,"This Divi Engine hoodie is a must have for any Divi Engine fan. It is made from a soft, comfortable, and durable cotton blend. The hoodie is a perfect way to stay warm and show your Divi Engine pride.",https://ajax-filters-bc.diviengine.com/sampledata/images/Hoodie-Women-1.jpg,20,18
39,variation,Divi Engine Logo Zipper Hoodie - Large,0,0,29.99,26.991
40,variation,Divi Engine Logo Zipper Hoodie - Medium,0,0,29.99,26.991
41,variation,Divi Engine Logo Zipper Hoodie - Small,0,0,29.99,26.991
42,variable,Purple Divi Engine Text Zipper Hoodie,"This Divi Engine hoodie is a must have for any Divi Engine fan. It is made from a soft, comfortable, and durable cotton blend. The hoodie is a perfect way to stay warm and show your Divi Engine pride.",https://ajax-filters-bc.diviengine.com/sampledata/images/Hoodie-Women-2.jpg,20,18
43,variation,Purple Divi Engine Text Zipper Hoodie - Large,0,0,29.99,27.99
44,variation,Purple Divi Engine Text Zipper Hoodie - Medium,0,0,29.99,27.99
45,variation,Purple Divi Engine Text Zipper Hoodie - Small,0,0,29.99,27.99
46,variable,"WooCommerce ""Gimme the Money"" Zipper Hoodie","This WooCommerce hoodie is a must have for any WooCommerce fan. It is made from a soft, comfortable, and durable cotton blend. The hoodie is a perfect way to stay warm and show your WooCommerce pride.",https://ajax-filters-bc.diviengine.com/sampledata/images/Hoodie-Women-3.jpg,20,18
47,variation,"WooCommerce ""Gimme the Money"" Zipper Hoodie - Large",0,0,29.99,27.99
48,variation,"WooCommerce ""Gimme the Money"" Zipper Hoodie - Medium",0,0,29.99,27.99
49,variation,"WooCommerce ""Gimme the Money"" Zipper Hoodie - Small",0,0,29.99,27.99
50,variable,Divi Ninja Tee,This comfortable cotton t-shirt features the Divi logo on the front and expresses your Ninja status with the theme. It is the perfect tee for any occasion.,https://ajax-filters-bc.diviengine.com/sampledata/images/Divi-Ninja.jpg,20,18
51,variation,Divi Ninja Tee - Large,0,0,12.99,11.691
52,variation,Divi Ninja Tee - Medium,0,0,12.99,11.691
53,variation,Divi Ninja Tee - Small,0,0,12.99,11.691
54,variable,Divi Simplified Crop-top,This comfortable cotton crop-top features the Divi and Divi Engine logos on the front and back. It is the perfect tee for any occasion.,"https://ajax-filters-bc.diviengine.com/sampledata/images/divi-Simplified-croptop-white.jpg, https://ajax-filters-bc.diviengine.com/sampledata/images/divi-Simplified-croptop-blue.jpg, https://ajax-filters-bc.diviengine.com/sampledata/images/divi-Simplified-croptop-yellow.jpg",20,18
55,variable,Dat Divi Engine Life Crop-top (3-Tone),"This comfortable cotton crop-top features the Divi Engine logo on the front expressing how easy ""data Divi Engine life"" is. It is the perfect tee for any occasion.",https://ajax-filters-bc.diviengine.com/sampledata/images/Dat-Divi_Life.jpg,20,18
56,variation,Dat Divi Engine Life Crop-top (3-Tone) - Large,0,0,14.99,13.491
57,variation,Dat Divi Engine Life Crop-top (3-Tone) - Medium,0,0,12.99,11.691
58,variation,Dat Divi Engine Life Crop-top (3-Tone) - Small,0,0,12.99,11.691
59,variation,"Divi Simplified Crop-top - Large, Blue",0,https://ajax-filters-bc.diviengine.com/sampledata/images/divi-Simplified-croptop-blue.jpg,12.99,11.691
60,variation,"Divi Simplified Crop-top - Large, White",0,https://ajax-filters-bc.diviengine.com/sampledata/images/divi-Simplified-croptop-white.jpg,12.99,11.691
61,variation,"Divi Simplified Crop-top - Large, Yellow",0,https://ajax-filters-bc.diviengine.com/sampledata/images/divi-Simplified-croptop-yellow.jpg,12.99,11.691
62,variation,"Divi Simplified Crop-top - Medium, Blue",0,https://ajax-filters-bc.diviengine.com/sampledata/images/divi-Simplified-croptop-blue.jpg,12.99,11.691
63,variation,"Divi Simplified Crop-top - Medium, White",0,https://ajax-filters-bc.diviengine.com/sampledata/images/divi-Simplified-croptop-white.jpg,12.99,11.691
64,variation,"Divi Simplified Crop-top - Medium, Yellow",0,https://ajax-filters-bc.diviengine.com/sampledata/images/divi-Simplified-croptop-yellow.jpg,12.99,11.691
65,variation,"Divi Simplified Crop-top - Small, Blue",0,https://ajax-filters-bc.diviengine.com/sampledata/images/divi-Simplified-croptop-blue.jpg,12.99,11.691
66,variation,"Divi Simplified Crop-top - Small, White",0,https://ajax-filters-bc.diviengine.com/sampledata/images/divi-Simplified-croptop-white.jpg,12.99,11.691
67,variation,"Divi Simplified Crop-top - Small, Yellow",0,https://ajax-filters-bc.diviengine.com/sampledata/images/divi-Simplified-croptop-yellow.jpg,12.99,11.691
index,Type,Name,Short_description,Images,Price,Negotiate
0,simple,Divi Engine String Bag (Big Logo),This fashionable string bag is made of 100% cotton. It is the perfect size for carrying your everyday essentials.,"https://ajax-filters-bc.diviengine.com/sampledata/images/Bag1.jpg, https://ajax-filters-bc.diviengine.com/sampledata/images/Bag1-1.jpg, https://ajax-filters-bc.diviengine.com/sampledata/images/Bag1-2.jpg",19.99,17.991
1,simple,Divi Engine String Bag (Small Logos),This fashionable string bag is made of 100% cotton. It is the perfect size for carrying your everyday essentials.,"https://ajax-filters-bc.diviengine.com/sampledata/images/Bag2.jpg, https://ajax-filters-bc.diviengine.com/sampledata/images/Bag2-1.jpg, https://ajax-filters-bc.diviengine.com/sampledata/images/Bag2-2.jpg",19.99,17.991
2,variable,Brand Buttons,"Represent your favorite CMS, eCommerce Platform, Website Builder, or Plugin Company in style with a cool pin.",https://ajax-filters-bc.diviengine.com/sampledata/images/DE-Pins-4.jpg,20,18
3,variation,Brand Buttons - Divi,0,https://ajax-filters-bc.diviengine.com/sampledata/images/DE-Pins-1.jpg,9.99,8.991
4,variation,Brand Buttons - Divi Engine,0,https://ajax-filters-bc.diviengine.com/sampledata/images/DE-Pins-4.jpg,9.99,8.991
5,variation,Brand Buttons - WooCommerce,0,https://ajax-filters-bc.diviengine.com/sampledata/images/DE-Pins-2.jpg,9.99,8.991
6,variation,Brand Buttons - WordPress,0,https://ajax-filters-bc.diviengine.com/sampledata/images/DE-Pins-3.jpg,9.99,8.991
7,simple,Lanyard,Stop losing your important access keys with a lanyard that is ALMOST as reliable as Divi Engine plugins!,https://ajax-filters-bc.diviengine.com/sampledata/images/Lanyard1.jpg,9.99,7.99
8,variable,Divi Engine Tee,This comfortable cotton t-shirt that features the Divi Engine logo on the front is perfect for any occasion. The shirt is available in three colors.,"https://ajax-filters-bc.diviengine.com/sampledata/images/Shirt-3-yellow-front.jpg, https://ajax-filters-bc.diviengine.com/sampledata/images/Shirt-3-blue-front.jpg, https://ajax-filters-bc.diviengine.com/sampledata/images/Shirt-3-white-front.jpg",20,18
9,variation,"Divi Engine Tee - Blue, Large",0,https://ajax-filters-bc.diviengine.com/sampledata/images/Shirt-3-blue-front.jpg,14.99,13.491
10,variation,"Divi Engine Tee - White, Large",0,https://ajax-filters-bc.diviengine.com/sampledata/images/Shirt-3-white-front.jpg,14.99,13.491
11,variation,"Divi Engine Tee - Yellow, Large",0,https://ajax-filters-bc.diviengine.com/sampledata/images/Shirt-3-yellow-front.jpg,14.99,13.491
12,variation,"Divi Engine Tee - Blue, Medium",0,https://ajax-filters-bc.diviengine.com/sampledata/images/Shirt-3-blue-front.jpg,14.99,13.491
13,variation,"Divi Engine Tee - White, Medium",0,https://ajax-filters-bc.diviengine.com/sampledata/images/Shirt-3-white-front.jpg,14.99,13.491
14,variation,"Divi Engine Tee - Yellow, Medium",0,https://ajax-filters-bc.diviengine.com/sampledata/images/Shirt-3-yellow-front.jpg,14.99,13.491
15,variation,"Divi Engine Tee - Blue, Small",0,https://ajax-filters-bc.diviengine.com/sampledata/images/Shirt-3-blue-front.jpg,14.99,13.491
16,variation,"Divi Engine Tee - White, Small",0,https://ajax-filters-bc.diviengine.com/sampledata/images/Shirt-3-white-front.jpg,14.99,13.491
17,variation,"Divi Engine Tee - Yellow, Small",0,https://ajax-filters-bc.diviengine.com/sampledata/images/Shirt-3-yellow-front.jpg,14.99,13.491
18,variable,Divi Tee,This comfortable cotton t-shirt features the Divi logo on the front and back. It is the perfect tee for any occasion.,"https://ajax-filters-bc.diviengine.com/sampledata/images/Shirt-2---front.jpg, https://ajax-filters-bc.diviengine.com/sampledata/images/Shirt-2---back.jpg",20,18
19,variation,Divi Tee - Large,0,0,14.99,12.99
20,variation,Divi Tee - Medium,0,0,14.99,12.99
21,variation,Divi Tee - Small,0,0,14.99,12.99
22,variable,WordPress Tee,This comfortable cotton t-shirt features the WordPress logo on the front and back. It is the perfect tee for any occasion.,"https://ajax-filters-bc.diviengine.com/sampledata/images/Shirt-1---front.jpg, https://ajax-filters-bc.diviengine.com/sampledata/images/Shirt-1---back.jpg",20,18
23,variation,WordPress Tee - Large,0,0,14.99,12.99
24,variation,WordPress Tee - Medium,0,0,14.99,12.99
25,variation,WordPress Tee - Small,0,0,14.99,12.99
26,variable,Mens Divi Hoodie,"This Divi hoodie is a must have for any Divi fan. It is made from a soft, comfortable, and durable cotton blend. The hoodie is a perfect way to stay warm and show your Divi pride.",https://ajax-filters-bc.diviengine.com/sampledata/images/Hoodie-2.jpg,20,18
27,variation,Mens Divi Hoodie - Large,0,0,39.99,35.991
28,variation,Mens Divi Hoodie - Medium,0,0,34.99,31.491
29,variation,Mens Divi Hoodie - Small,0,0,34.99,31.491
30,variable,Dat Divi Engine Life Hoodie - Limited Edition,"This Divi Engine hoodie is a must have for any Divi Engine fan. It is made from a soft, comfortable, and durable cotton blend. The hoodie is a perfect way to stay warm and show your Divi Engine pride.",https://ajax-filters-bc.diviengine.com/sampledata/images/Hoodie-1.jpg,20,18
31,variation,Dat Divi Engine Life Hoodie - Limited Edition - Large,0,0,44.99,40.491
32,variation,Dat Divi Engine Life Hoodie - Limited Edition - Medium,0,0,44.99,40.491
33,variation,Dat Divi Engine Life Hoodie - Limited Edition - Small,0,0,44.99,40.491
34,variable,Mens WordPress Hoodie,"This WordPress hoodie is a must have for any WordPress fan. It is made from a soft, comfortable, and durable cotton blend. The hoodie is a perfect way to stay warm and show your WordPress pride.",https://ajax-filters-bc.diviengine.com/sampledata/images/Hoodie-3.jpg,20,18
35,variation,Mens WordPress Hoodie - Large,0,0,34.99,31.491
36,variation,Mens WordPress Hoodie - Medium,0,0,34.99,31.491
37,variation,Mens WordPress Hoodie - Small,0,0,34.99,31.491
38,variable,Divi Engine Logo Zipper Hoodie,"This Divi Engine hoodie is a must have for any Divi Engine fan. It is made from a soft, comfortable, and durable cotton blend. The hoodie is a perfect way to stay warm and show your Divi Engine pride.",https://ajax-filters-bc.diviengine.com/sampledata/images/Hoodie-Women-1.jpg,20,18
39,variation,Divi Engine Logo Zipper Hoodie - Large,0,0,29.99,26.991
40,variation,Divi Engine Logo Zipper Hoodie - Medium,0,0,29.99,26.991
41,variation,Divi Engine Logo Zipper Hoodie - Small,0,0,29.99,26.991
42,variable,Purple Divi Engine Text Zipper Hoodie,"This Divi Engine hoodie is a must have for any Divi Engine fan. It is made from a soft, comfortable, and durable cotton blend. The hoodie is a perfect way to stay warm and show your Divi Engine pride.",https://ajax-filters-bc.diviengine.com/sampledata/images/Hoodie-Women-2.jpg,20,18
43,variation,Purple Divi Engine Text Zipper Hoodie - Large,0,0,29.99,27.99
44,variation,Purple Divi Engine Text Zipper Hoodie - Medium,0,0,29.99,27.99
45,variation,Purple Divi Engine Text Zipper Hoodie - Small,0,0,29.99,27.99
46,variable,"WooCommerce ""Gimme the Money"" Zipper Hoodie","This WooCommerce hoodie is a must have for any WooCommerce fan. It is made from a soft, comfortable, and durable cotton blend. The hoodie is a perfect way to stay warm and show your WooCommerce pride.",https://ajax-filters-bc.diviengine.com/sampledata/images/Hoodie-Women-3.jpg,20,18
47,variation,"WooCommerce ""Gimme the Money"" Zipper Hoodie - Large",0,0,29.99,27.99
48,variation,"WooCommerce ""Gimme the Money"" Zipper Hoodie - Medium",0,0,29.99,27.99
49,variation,"WooCommerce ""Gimme the Money"" Zipper Hoodie - Small",0,0,29.99,27.99
50,variable,Divi Ninja Tee,This comfortable cotton t-shirt features the Divi logo on the front and expresses your Ninja status with the theme. It is the perfect tee for any occasion.,https://ajax-filters-bc.diviengine.com/sampledata/images/Divi-Ninja.jpg,20,18
51,variation,Divi Ninja Tee - Large,0,0,12.99,11.691
52,variation,Divi Ninja Tee - Medium,0,0,12.99,11.691
53,variation,Divi Ninja Tee - Small,0,0,12.99,11.691
54,variable,Divi Simplified Crop-top,This comfortable cotton crop-top features the Divi and Divi Engine logos on the front and back. It is the perfect tee for any occasion.,"https://ajax-filters-bc.diviengine.com/sampledata/images/divi-Simplified-croptop-white.jpg, https://ajax-filters-bc.diviengine.com/sampledata/images/divi-Simplified-croptop-blue.jpg, https://ajax-filters-bc.diviengine.com/sampledata/images/divi-Simplified-croptop-yellow.jpg",20,18
55,variable,Dat Divi Engine Life Crop-top (3-Tone),"This comfortable cotton crop-top features the Divi Engine logo on the front expressing how easy ""data Divi Engine life"" is. It is the perfect tee for any occasion.",https://ajax-filters-bc.diviengine.com/sampledata/images/Dat-Divi_Life.jpg,20,18
56,variation,Dat Divi Engine Life Crop-top (3-Tone) - Large,0,0,14.99,13.491
57,variation,Dat Divi Engine Life Crop-top (3-Tone) - Medium,0,0,12.99,11.691
58,variation,Dat Divi Engine Life Crop-top (3-Tone) - Small,0,0,12.99,11.691
59,variation,"Divi Simplified Crop-top - Large, Blue",0,https://ajax-filters-bc.diviengine.com/sampledata/images/divi-Simplified-croptop-blue.jpg,12.99,11.691
60,variation,"Divi Simplified Crop-top - Large, White",0,https://ajax-filters-bc.diviengine.com/sampledata/images/divi-Simplified-croptop-white.jpg,12.99,11.691
61,variation,"Divi Simplified Crop-top - Large, Yellow",0,https://ajax-filters-bc.diviengine.com/sampledata/images/divi-Simplified-croptop-yellow.jpg,12.99,11.691
62,variation,"Divi Simplified Crop-top - Medium, Blue",0,https://ajax-filters-bc.diviengine.com/sampledata/images/divi-Simplified-croptop-blue.jpg,12.99,11.691
63,variation,"Divi Simplified Crop-top - Medium, White",0,https://ajax-filters-bc.diviengine.com/sampledata/images/divi-Simplified-croptop-white.jpg,12.99,11.691
64,variation,"Divi Simplified Crop-top - Medium, Yellow",0,https://ajax-filters-bc.diviengine.com/sampledata/images/divi-Simplified-croptop-yellow.jpg,12.99,11.691
65,variation,"Divi Simplified Crop-top - Small, Blue",0,https://ajax-filters-bc.diviengine.com/sampledata/images/divi-Simplified-croptop-blue.jpg,12.99,11.691
66,variation,"Divi Simplified Crop-top - Small, White",0,https://ajax-filters-bc.diviengine.com/sampledata/images/divi-Simplified-croptop-white.jpg,12.99,11.691
67,variation,"Divi Simplified Crop-top - Small, Yellow",0,https://ajax-filters-bc.diviengine.com/sampledata/images/divi-Simplified-croptop-yellow.jpg,12.99,11.691
index,Type,Name,Short_description,Images,Price,Negotiate
0,simple,Divi Engine String Bag (Big Logo),This fashionable string bag is made of 100% cotton. It is the perfect size for carrying your everyday essentials.,"https://ajax-filters-bc.diviengine.com/sampledata/images/Bag1.jpg, https://ajax-filters-bc.diviengine.com/sampledata/images/Bag1-1.jpg, https://ajax-filters-bc.diviengine.com/sampledata/images/Bag1-2.jpg",19.99,17.991
1,simple,Divi Engine String Bag (Small Logos),This fashionable string bag is made of 100% cotton. It is the perfect size for carrying your everyday essentials.,"https://ajax-filters-bc.diviengine.com/sampledata/images/Bag2.jpg, https://ajax-filters-bc.diviengine.com/sampledata/images/Bag2-1.jpg, https://ajax-filters-bc.diviengine.com/sampledata/images/Bag2-2.jpg",19.99,17.991
2,variable,Brand Buttons,"Represent your favorite CMS, eCommerce Platform, Website Builder, or Plugin Company in style with a cool pin.",https://ajax-filters-bc.diviengine.com/sampledata/images/DE-Pins-4.jpg,20,18
3,variation,Brand Buttons - Divi,0,https://ajax-filters-bc.diviengine.com/sampledata/images/DE-Pins-1.jpg,9.99,8.991
4,variation,Brand Buttons - Divi Engine,0,https://ajax-filters-bc.diviengine.com/sampledata/images/DE-Pins-4.jpg,9.99,8.991
5,variation,Brand Buttons - WooCommerce,0,https://ajax-filters-bc.diviengine.com/sampledata/images/DE-Pins-2.jpg,9.99,8.991
6,variation,Brand Buttons - WordPress,0,https://ajax-filters-bc.diviengine.com/sampledata/images/DE-Pins-3.jpg,9.99,8.991
7,simple,Lanyard,Stop losing your important access keys with a lanyard that is ALMOST as reliable as Divi Engine plugins!,https://ajax-filters-bc.diviengine.com/sampledata/images/Lanyard1.jpg,9.99,7.99
8,variable,Divi Engine Tee,This comfortable cotton t-shirt that features the Divi Engine logo on the front is perfect for any occasion. The shirt is available in three colors.,"https://ajax-filters-bc.diviengine.com/sampledata/images/Shirt-3-yellow-front.jpg, https://ajax-filters-bc.diviengine.com/sampledata/images/Shirt-3-blue-front.jpg, https://ajax-filters-bc.diviengine.com/sampledata/images/Shirt-3-white-front.jpg",20,18
9,variation,"Divi Engine Tee - Blue, Large",0,https://ajax-filters-bc.diviengine.com/sampledata/images/Shirt-3-blue-front.jpg,14.99,13.491
10,variation,"Divi Engine Tee - White, Large",0,https://ajax-filters-bc.diviengine.com/sampledata/images/Shirt-3-white-front.jpg,14.99,13.491
11,variation,"Divi Engine Tee - Yellow, Large",0,https://ajax-filters-bc.diviengine.com/sampledata/images/Shirt-3-yellow-front.jpg,14.99,13.491
12,variation,"Divi Engine Tee - Blue, Medium",0,https://ajax-filters-bc.diviengine.com/sampledata/images/Shirt-3-blue-front.jpg,14.99,13.491
13,variation,"Divi Engine Tee - White, Medium",0,https://ajax-filters-bc.diviengine.com/sampledata/images/Shirt-3-white-front.jpg,14.99,13.491
14,variation,"Divi Engine Tee - Yellow, Medium",0,https://ajax-filters-bc.diviengine.com/sampledata/images/Shirt-3-yellow-front.jpg,14.99,13.491
15,variation,"Divi Engine Tee - Blue, Small",0,https://ajax-filters-bc.diviengine.com/sampledata/images/Shirt-3-blue-front.jpg,14.99,13.491
16,variation,"Divi Engine Tee - White, Small",0,https://ajax-filters-bc.diviengine.com/sampledata/images/Shirt-3-white-front.jpg,14.99,13.491
17,variation,"Divi Engine Tee - Yellow, Small",0,https://ajax-filters-bc.diviengine.com/sampledata/images/Shirt-3-yellow-front.jpg,14.99,13.491
18,variable,Divi Tee,This comfortable cotton t-shirt features the Divi logo on the front and back. It is the perfect tee for any occasion.,"https://ajax-filters-bc.diviengine.com/sampledata/images/Shirt-2---front.jpg, https://ajax-filters-bc.diviengine.com/sampledata/images/Shirt-2---back.jpg",20,18
19,variation,Divi Tee - Large,0,0,14.99,12.99
20,variation,Divi Tee - Medium,0,0,14.99,12.99
21,variation,Divi Tee - Small,0,0,14.99,12.99
22,variable,WordPress Tee,This comfortable cotton t-shirt features the WordPress logo on the front and back. It is the perfect tee for any occasion.,"https://ajax-filters-bc.diviengine.com/sampledata/images/Shirt-1---front.jpg, https://ajax-filters-bc.diviengine.com/sampledata/images/Shirt-1---back.jpg",20,18
23,variation,WordPress Tee - Large,0,0,14.99,12.99
24,variation,WordPress Tee - Medium,0,0,14.99,12.99
25,variation,WordPress Tee - Small,0,0,14.99,12.99
26,variable,Mens Divi Hoodie,"This Divi hoodie is a must have for any Divi fan. It is made from a soft, comfortable, and durable cotton blend. The hoodie is a perfect way to stay warm and show your Divi pride.",https://ajax-filters-bc.diviengine.com/sampledata/images/Hoodie-2.jpg,20,18
27,variation,Mens Divi Hoodie - Large,0,0,39.99,35.991
28,variation,Mens Divi Hoodie - Medium,0,0,34.99,31.491
29,variation,Mens Divi Hoodie - Small,0,0,34.99,31.491
30,variable,Dat Divi Engine Life Hoodie - Limited Edition,"This Divi Engine hoodie is a must have for any Divi Engine fan. It is made from a soft, comfortable, and durable cotton blend. The hoodie is a perfect way to stay warm and show your Divi Engine pride.",https://ajax-filters-bc.diviengine.com/sampledata/images/Hoodie-1.jpg,20,18
31,variation,Dat Divi Engine Life Hoodie - Limited Edition - Large,0,0,44.99,40.491
32,variation,Dat Divi Engine Life Hoodie - Limited Edition - Medium,0,0,44.99,40.491
33,variation,Dat Divi Engine Life Hoodie - Limited Edition - Small,0,0,44.99,40.491
34,variable,Mens WordPress Hoodie,"This WordPress hoodie is a must have for any WordPress fan. It is made from a soft, comfortable, and durable cotton blend. The hoodie is a perfect way to stay warm and show your WordPress pride.",https://ajax-filters-bc.diviengine.com/sampledata/images/Hoodie-3.jpg,20,18
35,variation,Mens WordPress Hoodie - Large,0,0,34.99,31.491
36,variation,Mens WordPress Hoodie - Medium,0,0,34.99,31.491
37,variation,Mens WordPress Hoodie - Small,0,0,34.99,31.491
38,variable,Divi Engine Logo Zipper Hoodie,"This Divi Engine hoodie is a must have for any Divi Engine fan. It is made from a soft, comfortable, and durable cotton blend. The hoodie is a perfect way to stay warm and show your Divi Engine pride.",https://ajax-filters-bc.diviengine.com/sampledata/images/Hoodie-Women-1.jpg,20,18
39,variation,Divi Engine Logo Zipper Hoodie - Large,0,0,29.99,26.991
40,variation,Divi Engine Logo Zipper Hoodie - Medium,0,0,29.99,26.991
41,variation,Divi Engine Logo Zipper Hoodie - Small,0,0,29.99,26.991
42,variable,Purple Divi Engine Text Zipper Hoodie,"This Divi Engine hoodie is a must have for any Divi Engine fan. It is made from a soft, comfortable, and durable cotton blend. The hoodie is a perfect way to stay warm and show your Divi Engine pride.",https://ajax-filters-bc.diviengine.com/sampledata/images/Hoodie-Women-2.jpg,20,18
43,variation,Purple Divi Engine Text Zipper Hoodie - Large,0,0,29.99,27.99
44,variation,Purple Divi Engine Text Zipper Hoodie - Medium,0,0,29.99,27.99
45,variation,Purple Divi Engine Text Zipper Hoodie - Small,0,0,29.99,27.99
46,variable,"WooCommerce ""Gimme the Money"" Zipper Hoodie","This WooCommerce hoodie is a must have for any WooCommerce fan. It is made from a soft, comfortable, and durable cotton blend. The hoodie is a perfect way to stay warm and show your WooCommerce pride.",https://ajax-filters-bc.diviengine.com/sampledata/images/Hoodie-Women-3.jpg,20,18
47,variation,"WooCommerce ""Gimme the Money"" Zipper Hoodie - Large",0,0,29.99,27.99
48,variation,"WooCommerce ""Gimme the Money"" Zipper Hoodie - Medium",0,0,29.99,27.99
49,variation,"WooCommerce ""Gimme the Money"" Zipper Hoodie - Small",0,0,29.99,27.99
50,variable,Divi Ninja Tee,This comfortable cotton t-shirt features the Divi logo on the front and expresses your Ninja status with the theme. It is the perfect tee for any occasion.,https://ajax-filters-bc.diviengine.com/sampledata/images/Divi-Ninja.jpg,20,18
51,variation,Divi Ninja Tee - Large,0,0,12.99,11.691
52,variation,Divi Ninja Tee - Medium,0,0,12.99,11.691
53,variation,Divi Ninja Tee - Small,0,0,12.99,11.691
54,variable,Divi Simplified Crop-top,This comfortable cotton crop-top features the Divi and Divi Engine logos on the front and back. It is the perfect tee for any occasion.,"https://ajax-filters-bc.diviengine.com/sampledata/images/divi-Simplified-croptop-white.jpg, https://ajax-filters-bc.diviengine.com/sampledata/images/divi-Simplified-croptop-blue.jpg, https://ajax-filters-bc.diviengine.com/sampledata/images/divi-Simplified-croptop-yellow.jpg",20,18
55,variable,Dat Divi Engine Life Crop-top (3-Tone),"This comfortable cotton crop-top features the Divi Engine logo on the front expressing how easy ""data Divi Engine life"" is. It is the perfect tee for any occasion.",https://ajax-filters-bc.diviengine.com/sampledata/images/Dat-Divi_Life.jpg,20,18
56,variation,Dat Divi Engine Life Crop-top (3-Tone) - Large,0,0,14.99,13.491
57,variation,Dat Divi Engine Life Crop-top (3-Tone) - Medium,0,0,12.99,11.691
58,variation,Dat Divi Engine Life Crop-top (3-Tone) - Small,0,0,12.99,11.691
59,variation,"Divi Simplified Crop-top - Large, Blue",0,https://ajax-filters-bc.diviengine.com/sampledata/images/divi-Simplified-croptop-blue.jpg,12.99,11.691
60,variation,"Divi Simplified Crop-top - Large, White",0,https://ajax-filters-bc.diviengine.com/sampledata/images/divi-Simplified-croptop-white.jpg,12.99,11.691
61,variation,"Divi Simplified Crop-top - Large, Yellow",0,https://ajax-filters-bc.diviengine.com/sampledata/images/divi-Simplified-croptop-yellow.jpg,12.99,11.691
62,variation,"Divi Simplified Crop-top - Medium, Blue",0,https://ajax-filters-bc.diviengine.com/sampledata/images/divi-Simplified-croptop-blue.jpg,12.99,11.691
63,variation,"Divi Simplified Crop-top - Medium, White",0,https://ajax-filters-bc.diviengine.com/sampledata/images/divi-Simplified-croptop-white.jpg,12.99,11.691
64,variation,"Divi Simplified Crop-top - Medium, Yellow",0,https://ajax-filters-bc.diviengine.com/sampledata/images/divi-Simplified-croptop-yellow.jpg,12.99,11.691
65,variation,"Divi Simplified Crop-top - Small, Blue",0,https://ajax-filters-bc.diviengine.com/sampledata/images/divi-Simplified-croptop-blue.jpg,12.99,11.691
66,variation,"Divi Simplified Crop-top - Small, White",0,https://ajax-filters-bc.diviengine.com/sampledata/images/divi-Simplified-croptop-white.jpg,12.99,11.691
67,variation,"Divi Simplified Crop-top - Small, Yellow",0,https://ajax-filters-bc.diviengine.com/sampledata/images/divi-Simplified-croptop-yellow.jpg,12.99,11.691
